{"type":"FeatureCollection","metadata":{"region":"Banadir","admin_level":1,"year":2025,"source":"WorldPop Global2 R2025A","type":"Total Population (Constrained)","resolution":"1km","total_population":2188140,"cell_count":292,"generated":"2026-01-28"},"features":[{"id":"211653","type":"Feature","properties":{"population":5289.5927734375,"year":2025},"geometry":{"type":"Polygon","coordinates":[[[45.27499909890003,1.9961457761302515],[45.27472,1.99599],[45.27417,1.99561],[45.27367,1.99498],[45.2731,1.99443],[45.27247,1.99402],[45.27197,1.99353],[45.27065,1.993],[45.27002,1.99251],[45.26926,1.99211],[45.27499909890003,1.9996144978764907],[45.27499909890003,1.9961457761302515]]]}},{"id":"211654","type":"Feature","properties":{"population":146.69854736328125,"year":2025},"geometry":{"type":"Polygon","coordinates":[[[45.28028957048276,2.0000003279999987],[45.28021,1.9999],[45.28002,1.99958],[45.27951,1.99932],[45.27899,1.9992],[45.2776,1.99822],[45.27623,1.9976],[45.27565,1.99674],[45.27515,1.99623],[45.27499909890003,1.9961457761302515],[45.27499909890003,1.9996144978764907],[45.275294164242695,2.0000003279999987],[45.28028957048276,2.0000003279999987]]]}},{"id":"211507","type":"Feature","properties":{"population":13070.4482421875,"year":2025},"geometry":{"type":"Polygon","coordinates":[[[45.283332432200034,2.0083336612999982],[45.283332432200034,2.001885532400029],[45.28301,2.00162],[45.28273,2.00133],[45.28233,2.00113],[45.28186,2.00079],[45.28156,2.00061],[45.2813,2.00053],[45.28076,2.0004],[45.28044,2.00019],[45.28028957048276,2.0000003279999987],[45.275294164242695,2.0000003279999987],[45.28166711880444,2.0083336612999982],[45.283332432200034,2.0083336612999982]]]}},{"id":"211509","type":"Feature","properties":{"population":3210.440673828125,"year":2025},"geometry":{"type":"Polygon","coordinates":[[[45.291665765500035,2.0083336612999982],[45.29985217849333,2.0083336612999982],[45.29989,2.00805],[45.29979,2.00789],[45.29947,2.00786],[45.29913,2.008],[45.29857,2.00767],[45.29834,2.00742],[45.29803,2.0071],[45.29783,2.00667],[45.29785,2.00637],[45.298,2.00626],[45.29806,2.00607],[45.29791,2.00599],[45.29769,2.00598],[45.29756,2.0061],[45.2972,2.00626],[45.29689,2.00628],[45.2966,2.00611],[45.29611,2.00566],[45.29522,2.0053],[45.29472,2.00492],[45.29425,2.00427],[45.2941,2.00385],[45.29431,2.00367],[45.29448,2.00362],[45.29454,2.00352],[45.29453,2.00333],[45.29449,2.00309],[45.29432,2.00292],[45.29404,2.00287],[45.29391,2.00281],[45.29364,2.00278],[45.29338,2.00283],[45.2933,2.00293],[45.29329,2.00308],[45.29363,2.00354],[45.29352,2.00374],[45.29314,2.00387],[45.2923,2.00398],[45.29217,2.00382],[45.29191,2.0039],[45.29172,2.00412],[45.291665765500035,2.004111391349212],[45.291665765500035,2.0083336612999982]]]}},{"id":"211508","type":"Feature","properties":{"population":7570.32763671875,"year":2025},"geometry":{"type":"Polygon","coordinates":[[[45.283332432200034,2.0083336612999982],[45.291665765500035,2.0083336612999982],[45.291665765500035,2.004111391349212],[45.29109,2.00402],[45.29014,2.00354],[45.28966,2.00351],[45.28916,2.00345],[45.28868,2.0033],[45.28822,2.00319],[45.2879,2.00297],[45.28746,2.00275],[45.28698,2.00285],[45.28685,2.00307],[45.28696,2.00333],[45.28668,2.00358],[45.28617,2.00345],[45.2854,2.00319],[45.28463,2.00293],[45.28438,2.00268],[45.28386,2.00242],[45.28361,2.00216],[45.28335,2.0019],[45.283332432200034,2.001885532400029],[45.283332432200034,2.0083336612999982]]]}},{"id":"211360","type":"Feature","properties":{"population":3521.117919921875,"year":2025},"geometry":{"type":"Polygon","coordinates":[[[45.30833243210003,2.0166669945999995],[45.31666576540003,2.0166669945999995],[45.31666576540003,2.01571],[45.31655,2.01571],[45.3164,2.0156],[45.31639,2.01543],[45.31603,2.01518],[45.31576,2.01493],[45.31566,2.01463],[45.31552,2.01453],[45.31525,2.01449],[45.3149,2.01431],[45.31456,2.0143],[45.3143,2.01443],[45.31415,2.01464],[45.31406,2.01486],[45.31371,2.01481],[45.31342,2.0147],[45.31335,2.01454],[45.31297,2.01412],[45.31275,2.01384],[45.31251,2.01365],[45.31216,2.01342],[45.31189,2.01324],[45.3117,2.01319],[45.31149,2.01324],[45.31123,2.01315],[45.31103,2.01298],[45.31065,2.01288],[45.31025,2.01267],[45.31007,2.01243],[45.30974,2.01219],[45.30949,2.01184],[45.30927,2.01172],[45.30901,2.01174],[45.30886,2.01166],[45.30867,2.01146],[45.30843,2.01139],[45.30833243210003,2.0114030090533292],[45.30833243210003,2.0166669945999995]]]}},{"id":"211358","type":"Feature","properties":{"population":21008.4453125,"year":2025},"geometry":{"type":"Polygon","coordinates":[[[45.291665765500035,2.0083336612999982],[45.291665765500035,2.0166669945999995],[45.29999909880003,2.0166669945999995],[45.29999909880003,2.0084918189333365],[45.29998,2.00849],[45.29985,2.00835],[45.29985217849333,2.0083336612999982],[45.291665765500035,2.0083336612999982]]]}},{"id":"211359","type":"Feature","properties":{"population":6614.31298828125,"year":2025},"geometry":{"type":"Polygon","coordinates":[[[45.29999909880003,2.0166669945999995],[45.30833243210003,2.0166669945999995],[45.30833243210003,2.0114030090533292],[45.30813,2.01143],[45.3077,2.0114],[45.3076,2.01134],[45.30738,2.01105],[45.30716,2.01089],[45.30684,2.01077],[45.30653,2.01058],[45.30643,2.0104],[45.30633,2.01015],[45.30608,2.01009],[45.30597,2.01016],[45.30594,2.01034],[45.30598,2.01052],[45.3061,2.01066],[45.30632,2.01088],[45.30663,2.01107],[45.30645,2.01135],[45.30616,2.01157],[45.30558,2.01174],[45.30517,2.01178],[45.3046,2.01175],[45.30402,2.01163],[45.30347,2.0114],[45.30294,2.0112],[45.30271,2.01092],[45.30254,2.01056],[45.30225,2.01031],[45.302,2.01002],[45.30191,2.00945],[45.30202,2.00931],[45.30217,2.00913],[45.30216,2.00898],[45.30196,2.00896],[45.30178,2.00879],[45.30166,2.00887],[45.30146,2.00876],[45.30131,2.0088],[45.30118,2.00867],[45.30083,2.00855],[45.30019,2.00851],[45.29999909880003,2.0084918189333365],[45.29999909880003,2.0166669945999995]]]}},{"id":"211357","type":"Feature","properties":{"population":28013.51171875,"year":2025},"geometry":{"type":"Polygon","coordinates":[[[45.291665765500035,2.0166669945999995],[45.291665765500035,2.0083336612999982],[45.283332432200034,2.0083336612999982],[45.283332432200034,2.0105112402298286],[45.28804007336619,2.0166669945999995],[45.291665765500035,2.0166669945999995]]]}},{"id":"211216","type":"Feature","properties":{"population":30063.48046875,"year":2025},"geometry":{"type":"Polygon","coordinates":[[[45.291665765500035,2.0166669945999995],[45.28804007336619,2.0166669945999995],[45.291665765500035,2.021407982583167],[45.291665765500035,2.0166669945999995]]]}},{"id":"211217","type":"Feature","properties":{"population":29347.087890625,"year":2025},"geometry":{"type":"Polygon","coordinates":[[[45.29999909880003,2.025000327899999],[45.29999909880003,2.0166669945999995],[45.291665765500035,2.0166669945999995],[45.291665765500035,2.021407982583167],[45.29441302792794,2.025000327899999],[45.29999909880003,2.025000327899999]]]}},{"id":"211218","type":"Feature","properties":{"population":22910.1796875,"year":2025},"geometry":{"type":"Polygon","coordinates":[[[45.29999909880003,2.0166669945999995],[45.29999909880003,2.025000327899999],[45.30833243210003,2.025000327899999],[45.30833243210003,2.0166669945999995],[45.29999909880003,2.0166669945999995]]]}},{"id":"211219","type":"Feature","properties":{"population":13224.048828125,"year":2025},"geometry":{"type":"Polygon","coordinates":[[[45.30833243210003,2.0166669945999995],[45.30833243210003,2.025000327899999],[45.31666576540003,2.025000327899999],[45.31666576540003,2.0166669945999995],[45.30833243210003,2.0166669945999995]]]}},{"id":"211356","type":"Feature","properties":{"population":29812.98828125,"year":2025},"geometry":{"type":"Polygon","coordinates":[[[45.283332432200034,2.0083336612999982],[45.28166711880444,2.0083336612999982],[45.283332432200034,2.0105112402298286],[45.283332432200034,2.0083336612999982]]]}},{"id":"211040","type":"Feature","properties":{"population":28063.806640625,"year":2025},"geometry":{"type":"Polygon","coordinates":[[[45.29999909880003,2.025000327899999],[45.29441302792794,2.025000327899999],[45.29699,2.02837],[45.29736,2.02885],[45.29732,2.0288],[45.29999909880003,2.0323035258368973],[45.29999909880003,2.025000327899999]]]}},{"id":"211042","type":"Feature","properties":{"population":25815.0,"year":2025},"geometry":{"type":"Polygon","coordinates":[[[45.30833243210003,2.025000327899999],[45.30833243210003,2.0333336611999986],[45.31666576540003,2.0333336611999986],[45.31666576540003,2.025000327899999],[45.30833243210003,2.025000327899999]]]}},{"id":"211041","type":"Feature","properties":{"population":29683.240234375,"year":2025},"geometry":{"type":"Polygon","coordinates":[[[45.30833243210003,2.0333336611999986],[45.30833243210003,2.025000327899999],[45.29999909880003,2.025000327899999],[45.29999909880003,2.0323035258368973],[45.30078682937307,2.0333336611999986],[45.30833243210003,2.0333336611999986]]]}},{"id":"210879","type":"Feature","properties":{"population":30551.46484375,"year":2025},"geometry":{"type":"Polygon","coordinates":[[[45.30833243210003,2.041666994499998],[45.30833243210003,2.0333336611999986],[45.30078682937307,2.0333336611999986],[45.3071592165863,2.041666994499998],[45.30833243210003,2.041666994499998]]]}},{"id":"210880","type":"Feature","properties":{"population":30320.654296875,"year":2025},"geometry":{"type":"Polygon","coordinates":[[[45.30833243210003,2.0333336611999986],[45.30833243210003,2.041666994499998],[45.31666576540003,2.041666994499998],[45.31666576540003,2.0333336611999986],[45.30833243210003,2.0333336611999986]]]}},{"id":"210696","type":"Feature","properties":{"population":29506.70703125,"year":2025},"geometry":{"type":"Polygon","coordinates":[[[45.31666576540003,2.0500003277999994],[45.31666576540003,2.041666994499998],[45.30833243210003,2.041666994499998],[45.30833243210003,2.0432012383526517],[45.31353160379954,2.0500003277999994],[45.31666576540003,2.0500003277999994]]]}},{"id":"210695","type":"Feature","properties":{"population":24685.822265625,"year":2025},"geometry":{"type":"Polygon","coordinates":[[[45.30833243210003,2.041666994499998],[45.3071592165863,2.041666994499998],[45.30833243210003,2.0432012383526517],[45.30833243210003,2.041666994499998]]]}},{"id":"210488","type":"Feature","properties":{"population":28656.5546875,"year":2025},"geometry":{"type":"Polygon","coordinates":[[[45.31666576540003,2.0500003277999994],[45.31353160379954,2.0500003277999994],[45.31666576540003,2.0540989508684064],[45.31666576540003,2.0500003277999994]]]}},{"id":"210310","type":"Feature","properties":{"population":28082.21875,"year":2025},"geometry":{"type":"Polygon","coordinates":[[[45.333332432000034,2.058333661099999],[45.333332432000034,2.0666669943999985],[45.341665765300036,2.0666669943999985],[45.341665765300036,2.058333661099999],[45.333332432000034,2.058333661099999]]]}},{"id":"210311","type":"Feature","properties":{"population":29936.6015625,"year":2025},"geometry":{"type":"Polygon","coordinates":[[[45.341665765300036,2.058333661099999],[45.341665765300036,2.0666669943999985],[45.34999909860003,2.0666669943999985],[45.34999909860003,2.058333661099999],[45.341665765300036,2.058333661099999]]]}},{"id":"210309","type":"Feature","properties":{"population":28882.412109375,"year":2025},"geometry":{"type":"Polygon","coordinates":[[[45.333332432000034,2.0666669943999985],[45.333332432000034,2.058333661099999],[45.32499909870003,2.058333661099999],[45.32499909870003,2.064996663384161],[45.326276378226005,2.0666669943999985],[45.333332432000034,2.0666669943999985]]]}},{"id":"210308","type":"Feature","properties":{"population":28172.5390625,"year":2025},"geometry":{"type":"Polygon","coordinates":[[[45.32499909870003,2.058333661099999],[45.31990399101277,2.058333661099999],[45.32499909870003,2.064996663384161],[45.32499909870003,2.058333661099999]]]}},{"id":"210119","type":"Feature","properties":{"population":25591.431640625,"year":2025},"geometry":{"type":"Polygon","coordinates":[[[45.333332432000034,2.0666669943999985],[45.333332432000034,2.075000327699998],[45.341665765300036,2.075000327699998],[45.341665765300036,2.0666669943999985],[45.333332432000034,2.0666669943999985]]]}},{"id":"210118","type":"Feature","properties":{"population":23963.109375,"year":2025},"geometry":{"type":"Polygon","coordinates":[[[45.333332432000034,2.075000327699998],[45.333332432000034,2.0666669943999985],[45.326276378226005,2.0666669943999985],[45.33264876543924,2.075000327699998],[45.333332432000034,2.075000327699998]]]}},{"id":"210120","type":"Feature","properties":{"population":28993.04296875,"year":2025},"geometry":{"type":"Polygon","coordinates":[[[45.341665765300036,2.0666669943999985],[45.341665765300036,2.075000327699998],[45.34999909860003,2.075000327699998],[45.34999909860003,2.0666669943999985],[45.341665765300036,2.0666669943999985]]]}},{"id":"209933","type":"Feature","properties":{"population":24622.806640625,"year":2025},"geometry":{"type":"Polygon","coordinates":[[[45.341665765300036,2.075000327699998],[45.341665765300036,2.0833336609999993],[45.34999909860003,2.0833336609999993],[45.34999909860003,2.075000327699998],[45.341665765300036,2.075000327699998]]]}},{"id":"209932","type":"Feature","properties":{"population":23946.388671875,"year":2025},"geometry":{"type":"Polygon","coordinates":[[[45.341665765300036,2.0833336609999993],[45.341665765300036,2.075000327699998],[45.333332432000034,2.075000327699998],[45.333332432000034,2.075894375899916],[45.33902115265248,2.0833336609999993],[45.341665765300036,2.0833336609999993]]]}},{"id":"209931","type":"Feature","properties":{"population":21670.5859375,"year":2025},"geometry":{"type":"Polygon","coordinates":[[[45.333332432000034,2.075000327699998],[45.33264876543924,2.075000327699998],[45.333332432000034,2.075894375899916],[45.333332432000034,2.075000327699998]]]}},{"id":"209735","type":"Feature","properties":{"population":19987.208984375,"year":2025},"geometry":{"type":"Polygon","coordinates":[[[45.341665765300036,2.0833336609999993],[45.33902115265248,2.0833336609999993],[45.341665765300036,2.0867920884156703],[45.341665765300036,2.0833336609999993]]]}},{"id":"209736","type":"Feature","properties":{"population":17847.0078125,"year":2025},"geometry":{"type":"Polygon","coordinates":[[[45.34999909860003,2.091666994299999],[45.34999909860003,2.0833336609999993],[45.341665765300036,2.0833336609999993],[45.341665765300036,2.0867920884156703],[45.34539353986571,2.091666994299999],[45.34999909860003,2.091666994299999]]]}},{"id":"209531","type":"Feature","properties":{"population":1896.55224609375,"year":2025},"geometry":{"type":"Polygon","coordinates":[[[45.34999909860003,2.091666994299999],[45.34539353986571,2.091666994299999],[45.34999909860003,2.0976898009314158],[45.34999909860003,2.091666994299999]]]}},{"id":"211361","type":"Feature","properties":{"population":47.04426956176758,"year":2025},"geometry":{"type":"Polygon","coordinates":[[[45.31666576540003,2.0166669945999995],[45.318629292847056,2.0166669945999995],[45.31855,2.01633],[45.31832,2.01621],[45.31789,2.01615],[45.31776,2.01604],[45.31756,2.01596],[45.31733,2.016],[45.31713,2.016],[45.31685,2.01589],[45.31669,2.01571],[45.31666576540003,2.01571],[45.31666576540003,2.0166669945999995]]]}},{"id":"211222","type":"Feature","properties":{"population":2059.093994140625,"year":2025},"geometry":{"type":"Polygon","coordinates":[[[45.341665765300036,2.0244440064421214],[45.33997,2.02373],[45.33616,2.02221],[45.33565,2.02208],[45.33543,2.02211],[45.33524,2.02218],[45.33493,2.02239],[45.33432,2.02283],[45.33402,2.02285],[45.33389,2.02278],[45.33375,2.0228],[45.3336,2.02272],[45.33345,2.02251],[45.333332432000034,2.0224615896470723],[45.333332432000034,2.025000327899999],[45.33548082218341,2.025000327899999],[45.33475,2.02443],[45.33562,2.02331],[45.3378,2.02418],[45.3389,2.02462],[45.3398413115525,2.025000327899999],[45.339897377037495,2.025000327899999],[45.33995,2.02486],[45.3401,2.0248],[45.34036,2.02417],[45.34151,2.02463],[45.34159,2.02464],[45.341665765300036,2.0246021173499824],[45.341665765300036,2.0244440064421214]]]}},{"id":"211221","type":"Feature","properties":{"population":9907.8994140625,"year":2025},"geometry":{"type":"Polygon","coordinates":[[[45.32499909870003,2.025000327899999],[45.333332432000034,2.025000327899999],[45.333332432000034,2.0224615896470723],[45.33328,2.02244],[45.33311,2.02229],[45.33292,2.02215],[45.3329,2.02209],[45.33277,2.02202],[45.33272,2.02193],[45.3325,2.02185],[45.33231,2.02182],[45.33225,2.02185],[45.33216,2.02208],[45.33206,2.02209],[45.33193,2.02204],[45.3318,2.02196],[45.33155,2.02186],[45.33141,2.02187],[45.33125,2.02173],[45.33128,2.02165],[45.33118,2.02162],[45.33107,2.02153],[45.33068,2.02131],[45.33049,2.02116],[45.32984,2.02074],[45.32915,2.02045],[45.32876,2.02053],[45.32838,2.02068],[45.32792,2.02062],[45.32782,2.02053],[45.32769,2.02048],[45.32753,2.0206],[45.32744,2.02057],[45.32743,2.02046],[45.32718,2.02046],[45.32688,2.02027],[45.32671,2.02011],[45.32643,2.01994],[45.32635,2.01999],[45.32594,2.01987],[45.32572,2.01973],[45.32565,2.01951],[45.32554,2.01948],[45.32525,2.01954],[45.3251,2.01947],[45.32504,2.01952],[45.32499909870003,2.0195131831166724],[45.32499909870003,2.025000327899999]]]}},{"id":"211220","type":"Feature","properties":{"population":16389.0234375,"year":2025},"geometry":{"type":"Polygon","coordinates":[[[45.31666576540003,2.0166669945999995],[45.31666576540003,2.025000327899999],[45.32499909870003,2.025000327899999],[45.32499909870003,2.0195131831166724],[45.32498,2.01951],[45.32487,2.0194],[45.32461,2.01943],[45.32455,2.01945],[45.32452,2.0194],[45.32458,2.01934],[45.32454,2.01928],[45.32438,2.0192],[45.3241,2.01917],[45.32401,2.01905],[45.32391,2.01901],[45.3238,2.0191],[45.32371,2.01904],[45.32363,2.01882],[45.32321,2.01871],[45.32296,2.01876],[45.32267,2.01872],[45.32258,2.01853],[45.32244,2.01846],[45.32218,2.01844],[45.32197,2.01837],[45.32187,2.01836],[45.32175,2.01843],[45.32148,2.01846],[45.32128,2.0184],[45.32076,2.01797],[45.3207,2.01783],[45.32055,2.01775],[45.32052,2.01761],[45.32027,2.01735],[45.31995,2.01726],[45.31973,2.01726],[45.31959,2.01736],[45.31952,2.01737],[45.31887,2.01703],[45.31884,2.0169],[45.31877,2.01674],[45.31863,2.01667],[45.318629292847056,2.0166669945999995],[45.31666576540003,2.0166669945999995]]]}},{"id":"211046","type":"Feature","properties":{"population":1515.7415771484375,"year":2025},"geometry":{"type":"Polygon","coordinates":[[[45.341665765300036,2.0333336611999986],[45.343800910746666,2.0333336611999986],[45.34379,2.03317],[45.34385,2.03306],[45.34399,2.03307],[45.34411,2.03301],[45.34436,2.03308],[45.34443,2.03307],[45.34437,2.03294],[45.34419,2.03287],[45.34403,2.03276],[45.34396,2.0326],[45.34397,2.03244],[45.34408,2.03233],[45.34411,2.03223],[45.34396,2.0321],[45.34364,2.03192],[45.34346,2.03182],[45.34333,2.0318],[45.3433,2.0317],[45.34336,2.0316],[45.34349,2.03159],[45.34371,2.03143],[45.3437,2.03135],[45.34359,2.03132],[45.34353,2.03123],[45.34346,2.03115],[45.34334,2.03113],[45.34327,2.03102],[45.34325,2.03082],[45.3431,2.03079],[45.34273,2.03064],[45.34261,2.03069],[45.3427,2.03079],[45.34281,2.03079],[45.3431,2.03095],[45.34315,2.03107],[45.34312,2.03115],[45.34304,2.03121],[45.34282,2.03114],[45.34278,2.03106],[45.34271,2.03097],[45.3426,2.03094],[45.34228,2.03104],[45.34221,2.03113],[45.34175,2.03115],[45.341665765300036,2.0311829614043333],[45.341665765300036,2.0333336611999986]]]}},{"id":"211043","type":"Feature","properties":{"population":29597.923828125,"year":2025},"geometry":{"type":"Polygon","coordinates":[[[45.31666576540003,2.025000327899999],[45.31666576540003,2.0333336611999986],[45.32499909870003,2.0333336611999986],[45.32499909870003,2.025000327899999],[45.31666576540003,2.025000327899999]]]}},{"id":"211045","type":"Feature","properties":{"population":19222.28125,"year":2025},"geometry":{"type":"MultiPolygon","coordinates":[[[[45.333332432000034,2.025000327899999],[45.333332432000034,2.0333336611999986],[45.341665765300036,2.0333336611999986],[45.341665765300036,2.0311829614043333],[45.34152,2.03124],[45.34137,2.03121],[45.34123,2.03107],[45.34135,2.03094],[45.34139,2.03084],[45.34103,2.0306],[45.34082,2.03055],[45.34052,2.03028],[45.34052,2.02999],[45.34077,2.02974],[45.3407,2.02967],[45.34057,2.0296],[45.34047,2.0296],[45.34035,2.02958],[45.34026,2.02948],[45.33998,2.02936],[45.3399,2.02936],[45.33983,2.02932],[45.33982,2.02925],[45.33968,2.02906],[45.33958,2.02909],[45.3395,2.02903],[45.33935,2.02906],[45.33929,2.02905],[45.3392,2.02911],[45.33913,2.02907],[45.33908,2.02889],[45.33907,2.0288],[45.339,2.02875],[45.33891,2.02875],[45.33888,2.02863],[45.33891,2.0285],[45.3388,2.02843],[45.33869,2.02842],[45.33865,2.0285],[45.33855,2.02854],[45.33845,2.02854],[45.33839,2.02844],[45.33827,2.02839],[45.3382,2.02828],[45.33812,2.02825],[45.33806,2.0281],[45.33796,2.02802],[45.33784,2.02792],[45.33784,2.02786],[45.33769,2.02782],[45.33763,2.0279],[45.33755,2.02783],[45.3374,2.02763],[45.33725,2.02744],[45.33714,2.0271],[45.33699,2.0269],[45.3373,2.02642],[45.33548082218341,2.025000327899999],[45.333332432000034,2.025000327899999]]],[[[45.3398413115525,2.025000327899999],[45.33989,2.02502],[45.339897377037495,2.025000327899999],[45.3398413115525,2.025000327899999]]]]}},{"id":"211044","type":"Feature","properties":{"population":29211.580078125,"year":2025},"geometry":{"type":"Polygon","coordinates":[[[45.32499909870003,2.025000327899999],[45.32499909870003,2.0333336611999986],[45.333332432000034,2.0333336611999986],[45.333332432000034,2.025000327899999],[45.32499909870003,2.025000327899999]]]}},{"id":"210882","type":"Feature","properties":{"population":29241.232421875,"year":2025},"geometry":{"type":"Polygon","coordinates":[[[45.32499909870003,2.0333336611999986],[45.32499909870003,2.041666994499998],[45.333332432000034,2.041666994499998],[45.333332432000034,2.0333336611999986],[45.32499909870003,2.0333336611999986]]]}},{"id":"210881","type":"Feature","properties":{"population":30273.376953125,"year":2025},"geometry":{"type":"Polygon","coordinates":[[[45.31666576540003,2.0333336611999986],[45.31666576540003,2.041666994499998],[45.32499909870003,2.041666994499998],[45.32499909870003,2.0333336611999986],[45.31666576540003,2.0333336611999986]]]}},{"id":"211047","type":"Feature","properties":{"population":79.53527069091797,"year":2025},"geometry":{"type":"Polygon","coordinates":[[[45.35577440941538,2.0333336611999986],[45.35574,2.03311],[45.35531,2.03271],[45.35484,2.03246],[45.35472,2.03261],[45.35473,2.03279],[45.35469,2.0331],[45.35463607818462,2.0333336611999986],[45.35577440941538,2.0333336611999986]]]}},{"id":"210886","type":"Feature","properties":{"population":5937.91845703125,"year":2025},"geometry":{"type":"Polygon","coordinates":[[[45.35833243190003,2.041666994499998],[45.3656969945,2.041666994499998],[45.36562,2.04159],[45.36537,2.04134],[45.36511,2.04121],[45.36464,2.04087],[45.36432,2.04061],[45.36408,2.0403],[45.36383,2.04018],[45.3638,2.04015],[45.36358,2.03987],[45.36318,2.03954],[45.36259,2.03903],[45.36229,2.03876],[45.36178,2.0385],[45.36152,2.03824],[45.3612,2.03819],[45.36072,2.03784],[45.36029,2.03755],[45.35957,2.03718],[45.35894,2.03694],[45.35833243190003,2.0367131745760116],[45.35833243190003,2.041666994499998]]]}},{"id":"210885","type":"Feature","properties":{"population":17053.013671875,"year":2025},"geometry":{"type":"Polygon","coordinates":[[[45.34999909860003,2.041666994499998],[45.35833243190003,2.041666994499998],[45.35833243190003,2.0367131745760116],[45.35819,2.03666],[45.35702,2.03638],[45.35642,2.03619],[45.35587,2.03627],[45.35581,2.03577],[45.35585,2.03543],[45.35588,2.03488],[45.3558,2.0335],[45.35577440941538,2.0333336611999986],[45.35463607818462,2.0333336611999986],[45.35463,2.03336],[45.35456,2.03389],[45.3544,2.03433],[45.35422,2.0346],[45.35388,2.03476],[45.35364,2.03506],[45.35316,2.03554],[45.35277,2.03563],[45.35211,2.03575],[45.35173,2.03578],[45.35125,2.03576],[45.35048,2.03572],[45.35028,2.03567],[45.34999909860003,2.0356543943666683],[45.34999909860003,2.041666994499998]]]}},{"id":"210701","type":"Feature","properties":{"population":27517.265625,"year":2025},"geometry":{"type":"Polygon","coordinates":[[[45.34999909860003,2.041666994499998],[45.34999909860003,2.0500003277999994],[45.35833243190003,2.0500003277999994],[45.35833243190003,2.041666994499998],[45.34999909860003,2.041666994499998]]]}},{"id":"210703","type":"Feature","properties":{"population":9604.1953125,"year":2025},"geometry":{"type":"Polygon","coordinates":[[[45.36666576520003,2.0500003277999994],[45.374999098500034,2.0500003277999994],[45.374999098500034,2.046712552740271],[45.37434,2.04649],[45.37357,2.04623],[45.37306,2.04597],[45.37239,2.04572],[45.37152,2.0452],[45.37126,2.04494],[45.36998,2.04417],[45.36947,2.04391],[45.36895,2.04366],[45.3678,2.04301],[45.36754,2.04275],[45.3669,2.04237],[45.36666576520003,2.042250586180408],[45.36666576520003,2.0500003277999994]]]}},{"id":"210702","type":"Feature","properties":{"population":24457.0234375,"year":2025},"geometry":{"type":"Polygon","coordinates":[[[45.35833243190003,2.041666994499998],[45.35833243190003,2.0500003277999994],[45.36666576520003,2.0500003277999994],[45.36666576520003,2.042250586180408],[45.36639,2.04211],[45.36588,2.04185],[45.3656969945,2.041666994499998],[45.35833243190003,2.041666994499998]]]}},{"id":"210493","type":"Feature","properties":{"population":30519.767578125,"year":2025},"geometry":{"type":"Polygon","coordinates":[[[45.34999909860003,2.0500003277999994],[45.34999909860003,2.058333661099999],[45.35833243190003,2.058333661099999],[45.35833243190003,2.0500003277999994],[45.34999909860003,2.0500003277999994]]]}},{"id":"210494","type":"Feature","properties":{"population":29076.837890625,"year":2025},"geometry":{"type":"Polygon","coordinates":[[[45.35833243190003,2.0500003277999994],[45.35833243190003,2.058333661099999],[45.36666576520003,2.058333661099999],[45.36666576520003,2.0500003277999994],[45.35833243190003,2.0500003277999994]]]}},{"id":"210496","type":"Feature","properties":{"population":18250.927734375,"year":2025},"geometry":{"type":"Polygon","coordinates":[[[45.374999098500034,2.0500003277999994],[45.374999098500034,2.058333661099999],[45.383332431800035,2.058333661099999],[45.383332431800035,2.0508834223984564],[45.38305,2.05074],[45.38298,2.05046],[45.38292,2.05023],[45.382813997446156,2.0500003277999994],[45.38151,2.0500003277999994],[45.38151,2.05023],[45.38126,2.0501],[45.380964816946154,2.0500003277999994],[45.374999098500034,2.0500003277999994]]]}},{"id":"210495","type":"Feature","properties":{"population":28076.107421875,"year":2025},"geometry":{"type":"Polygon","coordinates":[[[45.36666576520003,2.0500003277999994],[45.36666576520003,2.058333661099999],[45.374999098500034,2.058333661099999],[45.374999098500034,2.0500003277999994],[45.36666576520003,2.0500003277999994]]]}},{"id":"210883","type":"Feature","properties":{"population":29053.8125,"year":2025},"geometry":{"type":"Polygon","coordinates":[[[45.333332432000034,2.0333336611999986],[45.333332432000034,2.041666994499998],[45.341665765300036,2.041666994499998],[45.341665765300036,2.0333336611999986],[45.333332432000034,2.0333336611999986]]]}},{"id":"210884","type":"Feature","properties":{"population":22609.896484375,"year":2025},"geometry":{"type":"Polygon","coordinates":[[[45.341665765300036,2.0333336611999986],[45.341665765300036,2.041666994499998],[45.34999909860003,2.041666994499998],[45.34999909860003,2.0356543943666683],[45.34992,2.03565],[45.34577,2.03495],[45.34494,2.03473],[45.34425,2.0343],[45.34397,2.03402],[45.34383,2.03377],[45.343800910746666,2.0333336611999986],[45.341665765300036,2.0333336611999986]]]}},{"id":"210697","type":"Feature","properties":{"population":28663.708984375,"year":2025},"geometry":{"type":"Polygon","coordinates":[[[45.31666576540003,2.041666994499998],[45.31666576540003,2.0500003277999994],[45.32499909870003,2.0500003277999994],[45.32499909870003,2.041666994499998],[45.31666576540003,2.041666994499998]]]}},{"id":"210699","type":"Feature","properties":{"population":29724.2734375,"year":2025},"geometry":{"type":"Polygon","coordinates":[[[45.333332432000034,2.041666994499998],[45.333332432000034,2.0500003277999994],[45.341665765300036,2.0500003277999994],[45.341665765300036,2.041666994499998],[45.333332432000034,2.041666994499998]]]}},{"id":"210698","type":"Feature","properties":{"population":30235.578125,"year":2025},"geometry":{"type":"Polygon","coordinates":[[[45.32499909870003,2.041666994499998],[45.32499909870003,2.0500003277999994],[45.333332432000034,2.0500003277999994],[45.333332432000034,2.041666994499998],[45.32499909870003,2.041666994499998]]]}},{"id":"210700","type":"Feature","properties":{"population":30297.984375,"year":2025},"geometry":{"type":"Polygon","coordinates":[[[45.341665765300036,2.041666994499998],[45.341665765300036,2.0500003277999994],[45.34999909860003,2.0500003277999994],[45.34999909860003,2.041666994499998],[45.341665765300036,2.041666994499998]]]}},{"id":"210489","type":"Feature","properties":{"population":29351.91015625,"year":2025},"geometry":{"type":"Polygon","coordinates":[[[45.32499909870003,2.058333661099999],[45.32499909870003,2.0500003277999994],[45.31666576540003,2.0500003277999994],[45.31666576540003,2.0540989508684064],[45.31990399101277,2.058333661099999],[45.32499909870003,2.058333661099999]]]}},{"id":"210492","type":"Feature","properties":{"population":30621.421875,"year":2025},"geometry":{"type":"Polygon","coordinates":[[[45.341665765300036,2.0500003277999994],[45.341665765300036,2.058333661099999],[45.34999909860003,2.058333661099999],[45.34999909860003,2.0500003277999994],[45.341665765300036,2.0500003277999994]]]}},{"id":"210491","type":"Feature","properties":{"population":29510.9296875,"year":2025},"geometry":{"type":"Polygon","coordinates":[[[45.333332432000034,2.0500003277999994],[45.333332432000034,2.058333661099999],[45.341665765300036,2.058333661099999],[45.341665765300036,2.0500003277999994],[45.333332432000034,2.0500003277999994]]]}},{"id":"210490","type":"Feature","properties":{"population":29825.552734375,"year":2025},"geometry":{"type":"Polygon","coordinates":[[[45.32499909870003,2.0500003277999994],[45.32499909870003,2.058333661099999],[45.333332432000034,2.058333661099999],[45.333332432000034,2.0500003277999994],[45.32499909870003,2.0500003277999994]]]}},{"id":"210704","type":"Feature","properties":{"population":1087.9134521484375,"year":2025},"geometry":{"type":"MultiPolygon","coordinates":[[[[45.382813997446156,2.0500003277999994],[45.3828,2.04997],[45.38228,2.04984],[45.38151,2.04971],[45.38151,2.0500003277999994],[45.382813997446156,2.0500003277999994]]],[[[45.374999098500034,2.0500003277999994],[45.380964816946154,2.0500003277999994],[45.38049,2.04984],[45.37998,2.04958],[45.37982,2.04931],[45.37946,2.04859],[45.37911,2.04829],[45.37866,2.04805],[45.37793,2.04791],[45.37767,2.04778],[45.37716,2.04752],[45.37613,2.04726],[45.37562,2.04701],[45.37511,2.04675],[45.374999098500034,2.046712552740271],[45.374999098500034,2.0500003277999994]]]]}},{"id":"210497","type":"Feature","properties":{"population":6763.7685546875,"year":2025},"geometry":{"type":"Polygon","coordinates":[[[45.383332431800035,2.058333661099999],[45.39166576510003,2.058333661099999],[45.39166576510003,2.053221639785944],[45.39151,2.05319],[45.391,2.05306],[45.39112,2.05229],[45.39108,2.0518],[45.39048,2.05164],[45.38972,2.05164],[45.38895,2.0519],[45.38869,2.0519],[45.38818,2.0519],[45.38792,2.05203],[45.38792,2.05255],[45.38741,2.05242],[45.38715,2.05242],[45.3869,2.05242],[45.38613,2.05216],[45.38562,2.0519],[45.3851,2.05164],[45.38433,2.05139],[45.383332431800035,2.0508834223984564],[45.383332431800035,2.058333661099999]]]}},{"id":"210498","type":"Feature","properties":{"population":102.66387939453125,"year":2025},"geometry":{"type":"Polygon","coordinates":[[[45.39166576510003,2.058333661099999],[45.39999909840003,2.058333661099999],[45.39999909840003,2.05757],[45.39997,2.05757],[45.39971,2.05757],[45.39946,2.05731],[45.3992,2.05706],[45.39894,2.0568],[45.39817,2.0568],[45.39792,2.0568],[45.39741,2.05654],[45.39664,2.05628],[45.39612,2.05603],[45.39587,2.05577],[45.39561,2.05551],[45.39535,2.05525],[45.3951,2.05499],[45.39484,2.05474],[45.39407,2.05448],[45.39382,2.05422],[45.3933,2.05396],[45.39305,2.05371],[45.39279,2.05345],[45.39166576510003,2.053221639785944],[45.39166576510003,2.058333661099999]]]}},{"id":"210499","type":"Feature","properties":{"population":6.952088356018066,"year":2025},"geometry":{"type":"Polygon","coordinates":[[[45.39999909840003,2.058333661099999],[45.400589729592504,2.058333661099999],[45.4007,2.0582],[45.40098,2.05806],[45.40074,2.0577],[45.40022,2.05757],[45.39999909840003,2.05757],[45.39999909840003,2.058333661099999]]]}},{"id":"210317","type":"Feature","properties":{"population":2641.3115234375,"year":2025},"geometry":{"type":"Polygon","coordinates":[[[45.39166576510003,2.058333661099999],[45.39166576510003,2.0666669943999985],[45.39999909840003,2.0666669943999985],[45.39999909840003,2.058333661099999],[45.39166576510003,2.058333661099999]]]}},{"id":"210318","type":"Feature","properties":{"population":1420.054931640625,"year":2025},"geometry":{"type":"Polygon","coordinates":[[[45.39999909840003,2.058333661099999],[45.39999909840003,2.0666669943999985],[45.40833243170003,2.0666669943999985],[45.40833243170003,2.063964863400061],[45.40827,2.06384],[45.40763,2.06355],[45.40758,2.06332],[45.40764,2.06311],[45.40752,2.06288],[45.4073,2.06301],[45.40719,2.0627],[45.40693,2.06271],[45.40674,2.06255],[45.40689,2.06226],[45.40615,2.06204],[45.40599,2.06217],[45.40527,2.06195],[45.4053,2.06186],[45.40514,2.06175],[45.40497,2.06178],[45.40485,2.06167],[45.4048,2.06131],[45.40461,2.06109],[45.4036,2.06106],[45.40343,2.06115],[45.40304,2.06092],[45.40274,2.06102],[45.40261,2.06095],[45.40248,2.06075],[45.40221,2.06053],[45.40179,2.06032],[45.40125,2.06002],[45.4011,2.0597],[45.40074,2.05951],[45.40051,2.05937],[45.40034,2.05891],[45.40037,2.0586],[45.400589729592504,2.058333661099999],[45.39999909840003,2.058333661099999]]]}},{"id":"210316","type":"Feature","properties":{"population":18054.845703125,"year":2025},"geometry":{"type":"Polygon","coordinates":[[[45.383332431800035,2.058333661099999],[45.383332431800035,2.0666669943999985],[45.39166576510003,2.0666669943999985],[45.39166576510003,2.058333661099999],[45.383332431800035,2.058333661099999]]]}},{"id":"210319","type":"Feature","properties":{"population":227.89712524414062,"year":2025},"geometry":{"type":"Polygon","coordinates":[[[45.40833243170003,2.0666669943999985],[45.412218570836366,2.0666669943999985],[45.41194,2.06635],[45.4117,2.06591],[45.41114,2.06565],[45.41018,2.06491],[45.40944,2.06454],[45.40838,2.06406],[45.40833243170003,2.063964863400061],[45.40833243170003,2.0666669943999985]]]}},{"id":"210125","type":"Feature","properties":{"population":11850.5673828125,"year":2025},"geometry":{"type":"Polygon","coordinates":[[[45.383332431800035,2.0666669943999985],[45.383332431800035,2.075000327699998],[45.39166576510003,2.075000327699998],[45.39166576510003,2.0666669943999985],[45.383332431800035,2.0666669943999985]]]}},{"id":"210128","type":"Feature","properties":{"population":992.4891967773438,"year":2025},"geometry":{"type":"Polygon","coordinates":[[[45.40833243170003,2.0666669943999985],[45.40833243170003,2.075000327699998],[45.41666576500003,2.075000327699998],[45.41666576500003,2.069961981578965],[45.41632,2.06978],[45.41565,2.06931],[45.41495,2.06882],[45.414,2.06826],[45.41314,2.06763],[45.41252,2.06701],[45.412218570836366,2.0666669943999985],[45.40833243170003,2.0666669943999985]]]}},{"id":"210315","type":"Feature","properties":{"population":26369.537109375,"year":2025},"geometry":{"type":"Polygon","coordinates":[[[45.374999098500034,2.058333661099999],[45.374999098500034,2.0666669943999985],[45.383332431800035,2.0666669943999985],[45.383332431800035,2.058333661099999],[45.374999098500034,2.058333661099999]]]}},{"id":"210314","type":"Feature","properties":{"population":27618.931640625,"year":2025},"geometry":{"type":"Polygon","coordinates":[[[45.36666576520003,2.058333661099999],[45.36666576520003,2.0666669943999985],[45.374999098500034,2.0666669943999985],[45.374999098500034,2.058333661099999],[45.36666576520003,2.058333661099999]]]}},{"id":"210313","type":"Feature","properties":{"population":29467.00390625,"year":2025},"geometry":{"type":"Polygon","coordinates":[[[45.35833243190003,2.058333661099999],[45.35833243190003,2.0666669943999985],[45.36666576520003,2.0666669943999985],[45.36666576520003,2.058333661099999],[45.35833243190003,2.058333661099999]]]}},{"id":"210312","type":"Feature","properties":{"population":30130.302734375,"year":2025},"geometry":{"type":"Polygon","coordinates":[[[45.34999909860003,2.058333661099999],[45.34999909860003,2.0666669943999985],[45.35833243190003,2.0666669943999985],[45.35833243190003,2.058333661099999],[45.34999909860003,2.058333661099999]]]}},{"id":"210124","type":"Feature","properties":{"population":20451.30078125,"year":2025},"geometry":{"type":"Polygon","coordinates":[[[45.374999098500034,2.0666669943999985],[45.374999098500034,2.075000327699998],[45.383332431800035,2.075000327699998],[45.383332431800035,2.0666669943999985],[45.374999098500034,2.0666669943999985]]]}},{"id":"210122","type":"Feature","properties":{"population":26800.22265625,"year":2025},"geometry":{"type":"Polygon","coordinates":[[[45.35833243190003,2.0666669943999985],[45.35833243190003,2.075000327699998],[45.36666576520003,2.075000327699998],[45.36666576520003,2.0666669943999985],[45.35833243190003,2.0666669943999985]]]}},{"id":"210123","type":"Feature","properties":{"population":23063.798828125,"year":2025},"geometry":{"type":"Polygon","coordinates":[[[45.36666576520003,2.0666669943999985],[45.36666576520003,2.075000327699998],[45.374999098500034,2.075000327699998],[45.374999098500034,2.0666669943999985],[45.36666576520003,2.0666669943999985]]]}},{"id":"210121","type":"Feature","properties":{"population":28365.314453125,"year":2025},"geometry":{"type":"Polygon","coordinates":[[[45.34999909860003,2.0666669943999985],[45.34999909860003,2.075000327699998],[45.35833243190003,2.075000327699998],[45.35833243190003,2.0666669943999985],[45.34999909860003,2.0666669943999985]]]}},{"id":"209934","type":"Feature","properties":{"population":26210.81640625,"year":2025},"geometry":{"type":"Polygon","coordinates":[[[45.34999909860003,2.075000327699998],[45.34999909860003,2.0833336609999993],[45.35833243190003,2.0833336609999993],[45.35833243190003,2.075000327699998],[45.34999909860003,2.075000327699998]]]}},{"id":"209935","type":"Feature","properties":{"population":26749.392578125,"year":2025},"geometry":{"type":"Polygon","coordinates":[[[45.35833243190003,2.075000327699998],[45.35833243190003,2.0833336609999993],[45.36666576520003,2.0833336609999993],[45.36666576520003,2.075000327699998],[45.35833243190003,2.075000327699998]]]}},{"id":"210127","type":"Feature","properties":{"population":7334.19189453125,"year":2025},"geometry":{"type":"Polygon","coordinates":[[[45.39999909840003,2.0666669943999985],[45.39999909840003,2.075000327699998],[45.40833243170003,2.075000327699998],[45.40833243170003,2.0666669943999985],[45.39999909840003,2.0666669943999985]]]}},{"id":"210126","type":"Feature","properties":{"population":14356.6220703125,"year":2025},"geometry":{"type":"Polygon","coordinates":[[[45.39166576510003,2.0666669943999985],[45.39166576510003,2.075000327699998],[45.39999909840003,2.075000327699998],[45.39999909840003,2.0666669943999985],[45.39166576510003,2.0666669943999985]]]}},{"id":"209938","type":"Feature","properties":{"population":4104.4091796875,"year":2025},"geometry":{"type":"Polygon","coordinates":[[[45.383332431800035,2.075000327699998],[45.383332431800035,2.0833336609999993],[45.39166576510003,2.0833336609999993],[45.39166576510003,2.075000327699998],[45.383332431800035,2.075000327699998]]]}},{"id":"209941","type":"Feature","properties":{"population":16347.671875,"year":2025},"geometry":{"type":"Polygon","coordinates":[[[45.40833243170003,2.075000327699998],[45.40833243170003,2.0833336609999993],[45.41666576500003,2.0833336609999993],[45.41666576500003,2.075000327699998],[45.40833243170003,2.075000327699998]]]}},{"id":"209939","type":"Feature","properties":{"population":4989.76708984375,"year":2025},"geometry":{"type":"Polygon","coordinates":[[[45.39166576510003,2.075000327699998],[45.39166576510003,2.0833336609999993],[45.39999909840003,2.0833336609999993],[45.39999909840003,2.075000327699998],[45.39166576510003,2.075000327699998]]]}},{"id":"209940","type":"Feature","properties":{"population":15334.9296875,"year":2025},"geometry":{"type":"Polygon","coordinates":[[[45.39999909840003,2.075000327699998],[45.39999909840003,2.0833336609999993],[45.40833243170003,2.0833336609999993],[45.40833243170003,2.075000327699998],[45.39999909840003,2.075000327699998]]]}},{"id":"209741","type":"Feature","properties":{"population":17729.791015625,"year":2025},"geometry":{"type":"Polygon","coordinates":[[[45.383332431800035,2.0833336609999993],[45.383332431800035,2.091666994299999],[45.39166576510003,2.091666994299999],[45.39166576510003,2.0833336609999993],[45.383332431800035,2.0833336609999993]]]}},{"id":"209742","type":"Feature","properties":{"population":2903.5654296875,"year":2025},"geometry":{"type":"Polygon","coordinates":[[[45.39166576510003,2.0833336609999993],[45.39166576510003,2.091666994299999],[45.39999909840003,2.091666994299999],[45.39999909840003,2.0833336609999993],[45.39166576510003,2.0833336609999993]]]}},{"id":"209743","type":"Feature","properties":{"population":4088.856201171875,"year":2025},"geometry":{"type":"Polygon","coordinates":[[[45.39999909840003,2.0833336609999993],[45.39999909840003,2.091666994299999],[45.40833243170003,2.091666994299999],[45.40833243170003,2.0833336609999993],[45.39999909840003,2.0833336609999993]]]}},{"id":"209744","type":"Feature","properties":{"population":4356.5732421875,"year":2025},"geometry":{"type":"Polygon","coordinates":[[[45.40833243170003,2.0833336609999993],[45.40833243170003,2.091666994299999],[45.41666576500003,2.091666994299999],[45.41666576500003,2.0833336609999993],[45.40833243170003,2.0833336609999993]]]}},{"id":"209936","type":"Feature","properties":{"population":25977.79296875,"year":2025},"geometry":{"type":"Polygon","coordinates":[[[45.36666576520003,2.075000327699998],[45.36666576520003,2.0833336609999993],[45.374999098500034,2.0833336609999993],[45.374999098500034,2.075000327699998],[45.36666576520003,2.075000327699998]]]}},{"id":"209937","type":"Feature","properties":{"population":20876.30078125,"year":2025},"geometry":{"type":"Polygon","coordinates":[[[45.374999098500034,2.075000327699998],[45.374999098500034,2.0833336609999993],[45.383332431800035,2.0833336609999993],[45.383332431800035,2.075000327699998],[45.374999098500034,2.075000327699998]]]}},{"id":"209737","type":"Feature","properties":{"population":22709.404296875,"year":2025},"geometry":{"type":"Polygon","coordinates":[[[45.34999909860003,2.0833336609999993],[45.34999909860003,2.091666994299999],[45.35833243190003,2.091666994299999],[45.35833243190003,2.0833336609999993],[45.34999909860003,2.0833336609999993]]]}},{"id":"209738","type":"Feature","properties":{"population":25584.72265625,"year":2025},"geometry":{"type":"Polygon","coordinates":[[[45.35833243190003,2.0833336609999993],[45.35833243190003,2.091666994299999],[45.36666576520003,2.091666994299999],[45.36666576520003,2.0833336609999993],[45.35833243190003,2.0833336609999993]]]}},{"id":"209739","type":"Feature","properties":{"population":26155.58203125,"year":2025},"geometry":{"type":"Polygon","coordinates":[[[45.36666576520003,2.0833336609999993],[45.36666576520003,2.091666994299999],[45.374999098500034,2.091666994299999],[45.374999098500034,2.0833336609999993],[45.36666576520003,2.0833336609999993]]]}},{"id":"209740","type":"Feature","properties":{"population":22161.654296875,"year":2025},"geometry":{"type":"Polygon","coordinates":[[[45.374999098500034,2.0833336609999993],[45.374999098500034,2.091666994299999],[45.383332431800035,2.091666994299999],[45.383332431800035,2.0833336609999993],[45.374999098500034,2.0833336609999993]]]}},{"id":"209532","type":"Feature","properties":{"population":10753.1513671875,"year":2025},"geometry":{"type":"Polygon","coordinates":[[[45.35833243190003,2.1000003275999983],[45.35833243190003,2.091666994299999],[45.34999909860003,2.091666994299999],[45.34999909860003,2.0976898009314158],[45.351765927078944,2.1000003275999983],[45.35833243190003,2.1000003275999983]]]}},{"id":"209533","type":"Feature","properties":{"population":22314.02734375,"year":2025},"geometry":{"type":"Polygon","coordinates":[[[45.35833243190003,2.091666994299999],[45.35833243190003,2.1000003275999983],[45.36666576520003,2.1000003275999983],[45.36666576520003,2.091666994299999],[45.35833243190003,2.091666994299999]]]}},{"id":"209534","type":"Feature","properties":{"population":25753.048828125,"year":2025},"geometry":{"type":"Polygon","coordinates":[[[45.36666576520003,2.091666994299999],[45.36666576520003,2.1000003275999983],[45.374999098500034,2.1000003275999983],[45.374999098500034,2.091666994299999],[45.36666576520003,2.091666994299999]]]}},{"id":"209535","type":"Feature","properties":{"population":20034.90625,"year":2025},"geometry":{"type":"Polygon","coordinates":[[[45.374999098500034,2.091666994299999],[45.374999098500034,2.1000003275999983],[45.383332431800035,2.1000003275999983],[45.383332431800035,2.091666994299999],[45.374999098500034,2.091666994299999]]]}},{"id":"210129","type":"Feature","properties":{"population":302.1397399902344,"year":2025},"geometry":{"type":"Polygon","coordinates":[[[45.41666576500003,2.075000327699998],[45.42238574222714,2.075000327699998],[45.42206,2.07466],[45.42162,2.07441],[45.42134,2.07409],[45.42069,2.0735],[45.41986,2.07267],[45.41919,2.07188],[45.41862,2.07142],[45.41852,2.07108],[45.41821,2.07082],[45.41727,2.07028],[45.41666576500003,2.069961981578965],[45.41666576500003,2.075000327699998]]]}},{"id":"209943","type":"Feature","properties":{"population":43.84984588623047,"year":2025},"geometry":{"type":"Polygon","coordinates":[[[45.424999098300034,2.0833336609999993],[45.433332431600036,2.0833336609999993],[45.433332431600036,2.082509861451174],[45.43321,2.08247],[45.43266,2.08186],[45.43193,2.0811],[45.43142,2.08066],[45.43082,2.08015],[45.43047,2.07974],[45.43021,2.07963],[45.42988,2.07924],[45.42868,2.07845],[45.42791,2.07793],[45.4272,2.0775],[45.42586,2.07716],[45.424999098300034,2.076932592003783],[45.424999098300034,2.0833336609999993]]]}},{"id":"209942","type":"Feature","properties":{"population":6442.03271484375,"year":2025},"geometry":{"type":"Polygon","coordinates":[[[45.41666576500003,2.075000327699998],[45.41666576500003,2.0833336609999993],[45.424999098300034,2.0833336609999993],[45.424999098300034,2.076932592003783],[45.4248,2.07688],[45.42406,2.07639],[45.42349,2.07596],[45.42273,2.07536],[45.42238574222714,2.075000327699998],[45.41666576500003,2.075000327699998]]]}},{"id":"209747","type":"Feature","properties":{"population":18.631336212158203,"year":2025},"geometry":{"type":"Polygon","coordinates":[[[45.433332431600036,2.0833336609999993],[45.433332431600036,2.091666994299999],[45.44166576490003,2.091666994299999],[45.44166576490003,2.087038221688352],[45.44102,2.08664],[45.44018,2.08631],[45.43977,2.08593],[45.43873,2.08532],[45.4378,2.08488],[45.4368,2.08427],[45.43591,2.08368],[45.435316276,2.0833336609999993],[45.433332431600036,2.0833336609999993]]]}},{"id":"209745","type":"Feature","properties":{"population":3660.368408203125,"year":2025},"geometry":{"type":"Polygon","coordinates":[[[45.41666576500003,2.0833336609999993],[45.41666576500003,2.091666994299999],[45.424999098300034,2.091666994299999],[45.424999098300034,2.0833336609999993],[45.41666576500003,2.0833336609999993]]]}},{"id":"209746","type":"Feature","properties":{"population":277.51141357421875,"year":2025},"geometry":{"type":"Polygon","coordinates":[[[45.424999098300034,2.0833336609999993],[45.424999098300034,2.091666994299999],[45.433332431600036,2.091666994299999],[45.433332431600036,2.0833336609999993],[45.424999098300034,2.0833336609999993]]]}},{"id":"209542","type":"Feature","properties":{"population":2.279665470123291,"year":2025},"geometry":{"type":"Polygon","coordinates":[[[45.433332431600036,2.091666994299999],[45.433332431600036,2.1000003275999983],[45.44166576490003,2.1000003275999983],[45.44166576490003,2.091666994299999],[45.433332431600036,2.091666994299999]]]}},{"id":"209541","type":"Feature","properties":{"population":366.2085266113281,"year":2025},"geometry":{"type":"Polygon","coordinates":[[[45.424999098300034,2.091666994299999],[45.424999098300034,2.1000003275999983],[45.433332431600036,2.1000003275999983],[45.433332431600036,2.091666994299999],[45.424999098300034,2.091666994299999]]]}},{"id":"209540","type":"Feature","properties":{"population":1952.9405517578125,"year":2025},"geometry":{"type":"Polygon","coordinates":[[[45.41666576500003,2.091666994299999],[45.41666576500003,2.1000003275999983],[45.424999098300034,2.1000003275999983],[45.424999098300034,2.091666994299999],[45.41666576500003,2.091666994299999]]]}},{"id":"209325","type":"Feature","properties":{"population":390.58013916015625,"year":2025},"geometry":{"type":"Polygon","coordinates":[[[45.41666576500003,2.1000003275999983],[45.41666576500003,2.108333660899998],[45.424999098300034,2.108333660899998],[45.424999098300034,2.1000003275999983],[45.41666576500003,2.1000003275999983]]]}},{"id":"209536","type":"Feature","properties":{"population":5382.2490234375,"year":2025},"geometry":{"type":"Polygon","coordinates":[[[45.383332431800035,2.091666994299999],[45.383332431800035,2.1000003275999983],[45.39166576510003,2.1000003275999983],[45.39166576510003,2.091666994299999],[45.383332431800035,2.091666994299999]]]}},{"id":"209538","type":"Feature","properties":{"population":1168.2445068359375,"year":2025},"geometry":{"type":"Polygon","coordinates":[[[45.39999909840003,2.091666994299999],[45.39999909840003,2.1000003275999983],[45.40833243170003,2.1000003275999983],[45.40833243170003,2.091666994299999],[45.39999909840003,2.091666994299999]]]}},{"id":"209539","type":"Feature","properties":{"population":688.038818359375,"year":2025},"geometry":{"type":"Polygon","coordinates":[[[45.40833243170003,2.091666994299999],[45.40833243170003,2.1000003275999983],[45.41666576500003,2.1000003275999983],[45.41666576500003,2.091666994299999],[45.40833243170003,2.091666994299999]]]}},{"id":"209537","type":"Feature","properties":{"population":384.20562744140625,"year":2025},"geometry":{"type":"Polygon","coordinates":[[[45.39166576510003,2.091666994299999],[45.39166576510003,2.1000003275999983],[45.39999909840003,2.1000003275999983],[45.39999909840003,2.091666994299999],[45.39166576510003,2.091666994299999]]]}},{"id":"209323","type":"Feature","properties":{"population":81.91423034667969,"year":2025},"geometry":{"type":"Polygon","coordinates":[[[45.39999909840003,2.1000003275999983],[45.39999909840003,2.108333660899998],[45.40833243170003,2.108333660899998],[45.40833243170003,2.1000003275999983],[45.39999909840003,2.1000003275999983]]]}},{"id":"209321","type":"Feature","properties":{"population":3900.120361328125,"year":2025},"geometry":{"type":"Polygon","coordinates":[[[45.383332431800035,2.1000003275999983],[45.383332431800035,2.108333660899998],[45.39166576510003,2.108333660899998],[45.39166576510003,2.1000003275999983],[45.383332431800035,2.1000003275999983]]]}},{"id":"209322","type":"Feature","properties":{"population":8.038556098937988,"year":2025},"geometry":{"type":"Polygon","coordinates":[[[45.39166576510003,2.1000003275999983],[45.39166576510003,2.108333660899998],[45.39999909840003,2.108333660899998],[45.39999909840003,2.1000003275999983],[45.39166576510003,2.1000003275999983]]]}},{"id":"209324","type":"Feature","properties":{"population":518.7863159179688,"year":2025},"geometry":{"type":"Polygon","coordinates":[[[45.40833243170003,2.1000003275999983],[45.40833243170003,2.108333660899998],[45.41666576500003,2.108333660899998],[45.41666576500003,2.1000003275999983],[45.40833243170003,2.1000003275999983]]]}},{"id":"209096","type":"Feature","properties":{"population":167.70724487304688,"year":2025},"geometry":{"type":"Polygon","coordinates":[[[45.39166576510003,2.108333660899998],[45.39166576510003,2.116666994199999],[45.39999909840003,2.116666994199999],[45.39999909840003,2.108333660899998],[45.39166576510003,2.108333660899998]]]}},{"id":"209094","type":"Feature","properties":{"population":7197.60986328125,"year":2025},"geometry":{"type":"Polygon","coordinates":[[[45.374999098500034,2.108333660899998],[45.374999098500034,2.116666994199999],[45.383332431800035,2.116666994199999],[45.383332431800035,2.108333660899998],[45.374999098500034,2.108333660899998]]]}},{"id":"209748","type":"Feature","properties":{"population":0.5836994647979736,"year":2025},"geometry":{"type":"Polygon","coordinates":[[[45.44166576490003,2.091666994299999],[45.449537473535706,2.091666994299999],[45.44918,2.09159],[45.44867,2.09133],[45.44841,2.09108],[45.44773,2.09074],[45.44714,2.0907],[45.44665,2.09049],[45.44599,2.09],[45.44517,2.08927],[45.44457,2.08882],[45.44388,2.0882],[45.44298,2.08773],[45.44222,2.08738],[45.44166576490003,2.087038221688352],[45.44166576490003,2.091666994299999]]]}},{"id":"209543","type":"Feature","properties":{"population":7.846696376800537,"year":2025},"geometry":{"type":"Polygon","coordinates":[[[45.44166576490003,2.091666994299999],[45.44166576490003,2.1000003275999983],[45.44999909820003,2.1000003275999983],[45.44999909820003,2.091839804025995],[45.44983,2.09173],[45.449537473535706,2.091666994299999],[45.44166576490003,2.091666994299999]]]}},{"id":"209544","type":"Feature","properties":{"population":10.157261848449707,"year":2025},"geometry":{"type":"Polygon","coordinates":[[[45.44999909820003,2.1000003275999983],[45.45833243150003,2.1000003275999983],[45.45833243150003,2.096605052108724],[45.45829,2.09657],[45.45757,2.09657],[45.45662,2.09597],[45.4561,2.09572],[45.45534,2.0952],[45.45379,2.09442],[45.45284,2.09407],[45.45201,2.09338],[45.45137,2.093],[45.45098,2.09262],[45.4506,2.09223],[45.44999909820003,2.091839804025995],[45.44999909820003,2.1000003275999983]]]}},{"id":"209330","type":"Feature","properties":{"population":2507.05078125,"year":2025},"geometry":{"type":"Polygon","coordinates":[[[45.45833243150003,2.1000003275999983],[45.45833243150003,2.108333660899998],[45.466665764800034,2.108333660899998],[45.466665764800034,2.1012158895836843],[45.46597,2.10101],[45.46459,2.10016],[45.46388,2.10001],[45.463860880139535,2.1000003275999983],[45.45833243150003,2.1000003275999983]]]}},{"id":"209328","type":"Feature","properties":{"population":20.95210838317871,"year":2025},"geometry":{"type":"Polygon","coordinates":[[[45.44166576490003,2.1000003275999983],[45.44166576490003,2.108333660899998],[45.44999909820003,2.108333660899998],[45.44999909820003,2.1000003275999983],[45.44166576490003,2.1000003275999983]]]}},{"id":"209329","type":"Feature","properties":{"population":36.13385772705078,"year":2025},"geometry":{"type":"Polygon","coordinates":[[[45.44999909820003,2.1000003275999983],[45.44999909820003,2.108333660899998],[45.45833243150003,2.108333660899998],[45.45833243150003,2.1000003275999983],[45.44999909820003,2.1000003275999983]]]}},{"id":"209331","type":"Feature","properties":{"population":520.532958984375,"year":2025},"geometry":{"type":"Polygon","coordinates":[[[45.466665764800034,2.108333660899998],[45.474999098100035,2.108333660899998],[45.474999098100035,2.1064952198526523],[45.4745,2.10618],[45.47379,2.10592],[45.47285,2.10564],[45.47252,2.10534],[45.47179,2.10444],[45.47123,2.10435],[45.47055,2.10387],[45.47025,2.10378],[45.46999,2.10367],[45.46993,2.10349],[45.46987,2.10327],[45.46947,2.10291],[45.46914,2.10254],[45.46869,2.1022],[45.46828,2.10195],[45.46799,2.10196],[45.46762,2.10183],[45.46742,2.10154],[45.46695,2.1013],[45.466665764800034,2.1012158895836843],[45.466665764800034,2.108333660899998]]]}},{"id":"209103","type":"Feature","properties":{"population":5.016017913818359,"year":2025},"geometry":{"type":"Polygon","coordinates":[[[45.44999909820003,2.108333660899998],[45.44999909820003,2.116666994199999],[45.45833243150003,2.116666994199999],[45.45833243150003,2.108333660899998],[45.44999909820003,2.108333660899998]]]}},{"id":"209102","type":"Feature","properties":{"population":3.8201730251312256,"year":2025},"geometry":{"type":"Polygon","coordinates":[[[45.44166576490003,2.108333660899998],[45.44166576490003,2.116666994199999],[45.44999909820003,2.116666994199999],[45.44999909820003,2.108333660899998],[45.44166576490003,2.108333660899998]]]}},{"id":"209104","type":"Feature","properties":{"population":229.72251892089844,"year":2025},"geometry":{"type":"Polygon","coordinates":[[[45.45833243150003,2.108333660899998],[45.45833243150003,2.116666994199999],[45.466665764800034,2.116666994199999],[45.466665764800034,2.108333660899998],[45.45833243150003,2.108333660899998]]]}},{"id":"209327","type":"Feature","properties":{"population":60.28328323364258,"year":2025},"geometry":{"type":"Polygon","coordinates":[[[45.433332431600036,2.1000003275999983],[45.433332431600036,2.108333660899998],[45.44166576490003,2.108333660899998],[45.44166576490003,2.1000003275999983],[45.433332431600036,2.1000003275999983]]]}},{"id":"209326","type":"Feature","properties":{"population":360.07928466796875,"year":2025},"geometry":{"type":"Polygon","coordinates":[[[45.424999098300034,2.1000003275999983],[45.424999098300034,2.108333660899998],[45.433332431600036,2.108333660899998],[45.433332431600036,2.1000003275999983],[45.424999098300034,2.1000003275999983]]]}},{"id":"209099","type":"Feature","properties":{"population":55.61492156982422,"year":2025},"geometry":{"type":"Polygon","coordinates":[[[45.41666576500003,2.108333660899998],[45.41666576500003,2.116666994199999],[45.424999098300034,2.116666994199999],[45.424999098300034,2.108333660899998],[45.41666576500003,2.108333660899998]]]}},{"id":"209100","type":"Feature","properties":{"population":213.3684844970703,"year":2025},"geometry":{"type":"Polygon","coordinates":[[[45.424999098300034,2.108333660899998],[45.424999098300034,2.116666994199999],[45.433332431600036,2.116666994199999],[45.433332431600036,2.108333660899998],[45.424999098300034,2.108333660899998]]]}},{"id":"209101","type":"Feature","properties":{"population":582.6726684570312,"year":2025},"geometry":{"type":"Polygon","coordinates":[[[45.433332431600036,2.108333660899998],[45.433332431600036,2.116666994199999],[45.44166576490003,2.116666994199999],[45.44166576490003,2.108333660899998],[45.433332431600036,2.108333660899998]]]}},{"id":"208878","type":"Feature","properties":{"population":306.4963073730469,"year":2025},"geometry":{"type":"Polygon","coordinates":[[[45.424999098300034,2.116666994199999],[45.424999098300034,2.1250003274999987],[45.433332431600036,2.1250003274999987],[45.433332431600036,2.116666994199999],[45.424999098300034,2.116666994199999]]]}},{"id":"208877","type":"Feature","properties":{"population":113.19334411621094,"year":2025},"geometry":{"type":"Polygon","coordinates":[[[45.41666576500003,2.116666994199999],[45.41666576500003,2.1250003274999987],[45.424999098300034,2.1250003274999987],[45.424999098300034,2.116666994199999],[45.41666576500003,2.116666994199999]]]}},{"id":"208879","type":"Feature","properties":{"population":172.14935302734375,"year":2025},"geometry":{"type":"Polygon","coordinates":[[[45.433332431600036,2.116666994199999],[45.433332431600036,2.1250003274999987],[45.44166576490003,2.1250003274999987],[45.44166576490003,2.116666994199999],[45.433332431600036,2.116666994199999]]]}},{"id":"208880","type":"Feature","properties":{"population":7.2297563552856445,"year":2025},"geometry":{"type":"Polygon","coordinates":[[[45.44166576490003,2.116666994199999],[45.44166576490003,2.1250003274999987],[45.44999909820003,2.1250003274999987],[45.44999909820003,2.116666994199999],[45.44166576490003,2.116666994199999]]]}},{"id":"208648","type":"Feature","properties":{"population":224.57879638671875,"year":2025},"geometry":{"type":"Polygon","coordinates":[[[45.41666576500003,2.1250003274999987],[45.41666576500003,2.133333660799998],[45.424999098300034,2.133333660799998],[45.424999098300034,2.1250003274999987],[45.41666576500003,2.1250003274999987]]]}},{"id":"209332","type":"Feature","properties":{"population":13.60072135925293,"year":2025},"geometry":{"type":"Polygon","coordinates":[[[45.474999098100035,2.108333660899998],[45.48333243140003,2.108333660899998],[45.48333243140003,2.1080920707765043],[45.48302,2.1077],[45.48251,2.10757],[45.48199,2.10731],[45.48148,2.1068],[45.48097,2.10654],[45.48038,2.10631],[45.48021,2.10647],[45.48008,2.10724],[45.47996,2.1075],[45.47917,2.10757],[45.47849,2.10743],[45.47653,2.10692],[45.47576,2.10689],[45.47507,2.10654],[45.474999098100035,2.1064952198526523],[45.474999098100035,2.108333660899998]]]}},{"id":"209106","type":"Feature","properties":{"population":148.9798126220703,"year":2025},"geometry":{"type":"Polygon","coordinates":[[[45.474999098100035,2.108333660899998],[45.474999098100035,2.116666994199999],[45.48333243140003,2.116666994199999],[45.48333243140003,2.108333660899998],[45.474999098100035,2.108333660899998]]]}},{"id":"209107","type":"Feature","properties":{"population":337.2052307128906,"year":2025},"geometry":{"type":"Polygon","coordinates":[[[45.48333243140003,2.108333660899998],[45.48333243140003,2.116666994199999],[45.49166576470003,2.116666994199999],[45.49166576470003,2.1139690770980617],[45.49096,2.11388],[45.49096,2.11337],[45.49045,2.11324],[45.48994,2.11298],[45.48968,2.11272],[45.48943,2.11247],[45.48917,2.11221],[45.48891,2.11195],[45.48866,2.11169],[45.48738,2.11156],[45.48725,2.11079],[45.48699,2.11053],[45.48673,2.11027],[45.48661,2.11002],[45.48609,2.10989],[45.4858,2.10979],[45.48567,2.10927],[45.48541,2.10901],[45.48516,2.10886],[45.48503,2.10889],[45.48477,2.10914],[45.48452,2.10914],[45.484,2.10863],[45.48353,2.10834],[45.483524948529684,2.108333660899998],[45.48333243140003,2.108333660899998]]]}},{"id":"208886","type":"Feature","properties":{"population":12.993793487548828,"year":2025},"geometry":{"type":"Polygon","coordinates":[[[45.49166576470003,2.116666994199999],[45.49166576470003,2.1250003274999987],[45.49999909800003,2.1250003274999987],[45.49999909800003,2.11813],[45.49942,2.11813],[45.49917,2.11788],[45.49814,2.11762],[45.49789,2.11762],[45.49763,2.11762],[45.49712,2.11736],[45.49686,2.1171],[45.49635,2.11685],[45.4961669942,2.116666994199999],[45.49166576470003,2.116666994199999]]]}},{"id":"208884","type":"Feature","properties":{"population":221.35006713867188,"year":2025},"geometry":{"type":"Polygon","coordinates":[[[45.474999098100035,2.116666994199999],[45.474999098100035,2.1250003274999987],[45.48333243140003,2.1250003274999987],[45.48333243140003,2.116666994199999],[45.474999098100035,2.116666994199999]]]}},{"id":"208885","type":"Feature","properties":{"population":655.5327758789062,"year":2025},"geometry":{"type":"Polygon","coordinates":[[[45.48333243140003,2.116666994199999],[45.48333243140003,2.1250003274999987],[45.49166576470003,2.1250003274999987],[45.49166576470003,2.116666994199999],[45.48333243140003,2.116666994199999]]]}},{"id":"208655","type":"Feature","properties":{"population":3.925058603286743,"year":2025},"geometry":{"type":"Polygon","coordinates":[[[45.474999098100035,2.1250003274999987],[45.474999098100035,2.133333660799998],[45.48333243140003,2.133333660799998],[45.48333243140003,2.1250003274999987],[45.474999098100035,2.1250003274999987]]]}},{"id":"208656","type":"Feature","properties":{"population":159.70347595214844,"year":2025},"geometry":{"type":"Polygon","coordinates":[[[45.48333243140003,2.1250003274999987],[45.48333243140003,2.133333660799998],[45.49166576470003,2.133333660799998],[45.49166576470003,2.1250003274999987],[45.48333243140003,2.1250003274999987]]]}},{"id":"208657","type":"Feature","properties":{"population":45.56256103515625,"year":2025},"geometry":{"type":"Polygon","coordinates":[[[45.49166576470003,2.1250003274999987],[45.49166576470003,2.133333660799998],[45.49999909800003,2.133333660799998],[45.49999909800003,2.1250003274999987],[45.49166576470003,2.1250003274999987]]]}},{"id":"208413","type":"Feature","properties":{"population":219.11473083496094,"year":2025},"geometry":{"type":"Polygon","coordinates":[[[45.49999909800003,2.133333660799998],[45.49999909800003,2.1416669940999995],[45.50833243130003,2.1416669940999995],[45.50833243130003,2.133333660799998],[45.49999909800003,2.133333660799998]]]}},{"id":"209105","type":"Feature","properties":{"population":83.62045288085938,"year":2025},"geometry":{"type":"Polygon","coordinates":[[[45.466665764800034,2.108333660899998],[45.466665764800034,2.116666994199999],[45.474999098100035,2.116666994199999],[45.474999098100035,2.108333660899998],[45.466665764800034,2.108333660899998]]]}},{"id":"208881","type":"Feature","properties":{"population":3.3471126556396484,"year":2025},"geometry":{"type":"Polygon","coordinates":[[[45.44999909820003,2.116666994199999],[45.44999909820003,2.1250003274999987],[45.45833243150003,2.1250003274999987],[45.45833243150003,2.116666994199999],[45.44999909820003,2.116666994199999]]]}},{"id":"208883","type":"Feature","properties":{"population":796.1474609375,"year":2025},"geometry":{"type":"Polygon","coordinates":[[[45.466665764800034,2.116666994199999],[45.466665764800034,2.1250003274999987],[45.474999098100035,2.1250003274999987],[45.474999098100035,2.116666994199999],[45.466665764800034,2.116666994199999]]]}},{"id":"208882","type":"Feature","properties":{"population":31.203598022460938,"year":2025},"geometry":{"type":"Polygon","coordinates":[[[45.45833243150003,2.116666994199999],[45.45833243150003,2.1250003274999987],[45.466665764800034,2.1250003274999987],[45.466665764800034,2.116666994199999],[45.45833243150003,2.116666994199999]]]}},{"id":"208651","type":"Feature","properties":{"population":193.35218811035156,"year":2025},"geometry":{"type":"Polygon","coordinates":[[[45.44166576490003,2.1250003274999987],[45.44166576490003,2.133333660799998],[45.44999909820003,2.133333660799998],[45.44999909820003,2.1250003274999987],[45.44166576490003,2.1250003274999987]]]}},{"id":"208653","type":"Feature","properties":{"population":66.9715576171875,"year":2025},"geometry":{"type":"Polygon","coordinates":[[[45.45833243150003,2.1250003274999987],[45.45833243150003,2.133333660799998],[45.466665764800034,2.133333660799998],[45.466665764800034,2.1250003274999987],[45.45833243150003,2.1250003274999987]]]}},{"id":"208652","type":"Feature","properties":{"population":24.903825759887695,"year":2025},"geometry":{"type":"Polygon","coordinates":[[[45.44999909820003,2.1250003274999987],[45.44999909820003,2.133333660799998],[45.45833243150003,2.133333660799998],[45.45833243150003,2.1250003274999987],[45.44999909820003,2.1250003274999987]]]}},{"id":"208654","type":"Feature","properties":{"population":7.641006946563721,"year":2025},"geometry":{"type":"Polygon","coordinates":[[[45.466665764800034,2.1250003274999987],[45.466665764800034,2.133333660799998],[45.474999098100035,2.133333660799998],[45.474999098100035,2.1250003274999987],[45.466665764800034,2.1250003274999987]]]}},{"id":"208409","type":"Feature","properties":{"population":162.4302520751953,"year":2025},"geometry":{"type":"Polygon","coordinates":[[[45.44999909820003,2.133333660799998],[45.44999909820003,2.1416669940999995],[45.45833243150003,2.1416669940999995],[45.45833243150003,2.133333660799998],[45.44999909820003,2.133333660799998]]]}},{"id":"208410","type":"Feature","properties":{"population":78.26628875732422,"year":2025},"geometry":{"type":"Polygon","coordinates":[[[45.45833243150003,2.133333660799998],[45.45833243150003,2.1416669940999995],[45.466665764800034,2.1416669940999995],[45.466665764800034,2.133333660799998],[45.45833243150003,2.133333660799998]]]}},{"id":"208650","type":"Feature","properties":{"population":261.9234313964844,"year":2025},"geometry":{"type":"Polygon","coordinates":[[[45.433332431600036,2.1250003274999987],[45.433332431600036,2.133333660799998],[45.44166576490003,2.133333660799998],[45.44166576490003,2.1250003274999987],[45.433332431600036,2.1250003274999987]]]}},{"id":"208649","type":"Feature","properties":{"population":416.47174072265625,"year":2025},"geometry":{"type":"Polygon","coordinates":[[[45.424999098300034,2.1250003274999987],[45.424999098300034,2.133333660799998],[45.433332431600036,2.133333660799998],[45.433332431600036,2.1250003274999987],[45.424999098300034,2.1250003274999987]]]}},{"id":"208405","type":"Feature","properties":{"population":193.44525146484375,"year":2025},"geometry":{"type":"Polygon","coordinates":[[[45.41666576500003,2.133333660799998],[45.41666576500003,2.1416669940999995],[45.424999098300034,2.1416669940999995],[45.424999098300034,2.133333660799998],[45.41666576500003,2.133333660799998]]]}},{"id":"208408","type":"Feature","properties":{"population":239.7957763671875,"year":2025},"geometry":{"type":"Polygon","coordinates":[[[45.44166576490003,2.133333660799998],[45.44166576490003,2.1416669940999995],[45.44999909820003,2.1416669940999995],[45.44999909820003,2.133333660799998],[45.44166576490003,2.133333660799998]]]}},{"id":"208406","type":"Feature","properties":{"population":302.3500671386719,"year":2025},"geometry":{"type":"Polygon","coordinates":[[[45.424999098300034,2.133333660799998],[45.424999098300034,2.1416669940999995],[45.433332431600036,2.1416669940999995],[45.433332431600036,2.133333660799998],[45.424999098300034,2.133333660799998]]]}},{"id":"208407","type":"Feature","properties":{"population":274.2082824707031,"year":2025},"geometry":{"type":"Polygon","coordinates":[[[45.433332431600036,2.133333660799998],[45.433332431600036,2.1416669940999995],[45.44166576490003,2.1416669940999995],[45.44166576490003,2.133333660799998],[45.433332431600036,2.133333660799998]]]}},{"id":"208171","type":"Feature","properties":{"population":367.7247009277344,"year":2025},"geometry":{"type":"Polygon","coordinates":[[[45.433332431600036,2.1416669940999995],[45.433332431600036,2.150000327399999],[45.44166576490003,2.150000327399999],[45.44166576490003,2.1416669940999995],[45.433332431600036,2.1416669940999995]]]}},{"id":"208172","type":"Feature","properties":{"population":348.11126708984375,"year":2025},"geometry":{"type":"Polygon","coordinates":[[[45.44166576490003,2.1416669940999995],[45.44166576490003,2.150000327399999],[45.44999909820003,2.150000327399999],[45.44999909820003,2.1416669940999995],[45.44166576490003,2.1416669940999995]]]}},{"id":"208170","type":"Feature","properties":{"population":231.0149688720703,"year":2025},"geometry":{"type":"Polygon","coordinates":[[[45.424999098300034,2.1416669940999995],[45.424999098300034,2.150000327399999],[45.433332431600036,2.150000327399999],[45.433332431600036,2.1416669940999995],[45.424999098300034,2.1416669940999995]]]}},{"id":"208169","type":"Feature","properties":{"population":334.0058898925781,"year":2025},"geometry":{"type":"Polygon","coordinates":[[[45.41666576500003,2.1416669940999995],[45.41666576500003,2.150000327399999],[45.424999098300034,2.150000327399999],[45.424999098300034,2.1416669940999995],[45.41666576500003,2.1416669940999995]]]}},{"id":"208412","type":"Feature","properties":{"population":6.746993541717529,"year":2025},"geometry":{"type":"Polygon","coordinates":[[[45.49166576470003,2.133333660799998],[45.49166576470003,2.1416669940999995],[45.49999909800003,2.1416669940999995],[45.49999909800003,2.133333660799998],[45.49166576470003,2.133333660799998]]]}},{"id":"208411","type":"Feature","properties":{"population":33.10313034057617,"year":2025},"geometry":{"type":"Polygon","coordinates":[[[45.474999098100035,2.133333660799998],[45.474999098100035,2.1416669940999995],[45.48333243140003,2.1416669940999995],[45.48333243140003,2.133333660799998],[45.474999098100035,2.133333660799998]]]}},{"id":"208178","type":"Feature","properties":{"population":33.27298355102539,"year":2025},"geometry":{"type":"Polygon","coordinates":[[[45.49166576470003,2.1416669940999995],[45.49166576470003,2.150000327399999],[45.49999909800003,2.150000327399999],[45.49999909800003,2.1416669940999995],[45.49166576470003,2.1416669940999995]]]}},{"id":"208177","type":"Feature","properties":{"population":28.721111297607422,"year":2025},"geometry":{"type":"Polygon","coordinates":[[[45.48333243140003,2.1416669940999995],[45.48333243140003,2.150000327399999],[45.49166576470003,2.150000327399999],[45.49166576470003,2.1416669940999995],[45.48333243140003,2.1416669940999995]]]}},{"id":"208176","type":"Feature","properties":{"population":45.304988861083984,"year":2025},"geometry":{"type":"Polygon","coordinates":[[[45.474999098100035,2.1416669940999995],[45.474999098100035,2.150000327399999],[45.48333243140003,2.150000327399999],[45.48333243140003,2.1416669940999995],[45.474999098100035,2.1416669940999995]]]}},{"id":"208179","type":"Feature","properties":{"population":3.9029362201690674,"year":2025},"geometry":{"type":"Polygon","coordinates":[[[45.49999909800003,2.1416669940999995],[45.49999909800003,2.150000327399999],[45.50833243130003,2.150000327399999],[45.50833243130003,2.1416669940999995],[45.49999909800003,2.1416669940999995]]]}},{"id":"207952","type":"Feature","properties":{"population":30.937904357910156,"year":2025},"geometry":{"type":"Polygon","coordinates":[[[45.48333243140003,2.150000327399999],[45.48333243140003,2.1583336606999985],[45.49166576470003,2.1583336606999985],[45.49166576470003,2.150000327399999],[45.48333243140003,2.150000327399999]]]}},{"id":"207953","type":"Feature","properties":{"population":21.59815788269043,"year":2025},"geometry":{"type":"Polygon","coordinates":[[[45.49166576470003,2.150000327399999],[45.49166576470003,2.1583336606999985],[45.49999909800003,2.1583336606999985],[45.49999909800003,2.150000327399999],[45.49166576470003,2.150000327399999]]]}},{"id":"207951","type":"Feature","properties":{"population":4.3951568603515625,"year":2025},"geometry":{"type":"Polygon","coordinates":[[[45.474999098100035,2.150000327399999],[45.474999098100035,2.1583336606999985],[45.48333243140003,2.1583336606999985],[45.48333243140003,2.150000327399999],[45.474999098100035,2.150000327399999]]]}},{"id":"207954","type":"Feature","properties":{"population":72.05610656738281,"year":2025},"geometry":{"type":"Polygon","coordinates":[[[45.49999909800003,2.150000327399999],[45.49999909800003,2.1583336606999985],[45.50833243130003,2.1583336606999985],[45.50833243130003,2.150000327399999],[45.49999909800003,2.150000327399999]]]}},{"id":"208175","type":"Feature","properties":{"population":207.86660766601562,"year":2025},"geometry":{"type":"Polygon","coordinates":[[[45.466665764800034,2.1416669940999995],[45.466665764800034,2.150000327399999],[45.474999098100035,2.150000327399999],[45.474999098100035,2.1416669940999995],[45.466665764800034,2.1416669940999995]]]}},{"id":"208173","type":"Feature","properties":{"population":289.08270263671875,"year":2025},"geometry":{"type":"Polygon","coordinates":[[[45.44999909820003,2.1416669940999995],[45.44999909820003,2.150000327399999],[45.45833243150003,2.150000327399999],[45.45833243150003,2.1416669940999995],[45.44999909820003,2.1416669940999995]]]}},{"id":"208174","type":"Feature","properties":{"population":303.3501281738281,"year":2025},"geometry":{"type":"Polygon","coordinates":[[[45.45833243150003,2.1416669940999995],[45.45833243150003,2.150000327399999],[45.466665764800034,2.150000327399999],[45.466665764800034,2.1416669940999995],[45.45833243150003,2.1416669940999995]]]}},{"id":"207947","type":"Feature","properties":{"population":393.4103698730469,"year":2025},"geometry":{"type":"Polygon","coordinates":[[[45.44166576490003,2.150000327399999],[45.44166576490003,2.1583336606999985],[45.44999909820003,2.1583336606999985],[45.44999909820003,2.150000327399999],[45.44166576490003,2.150000327399999]]]}},{"id":"207950","type":"Feature","properties":{"population":21.95233154296875,"year":2025},"geometry":{"type":"Polygon","coordinates":[[[45.466665764800034,2.150000327399999],[45.466665764800034,2.1583336606999985],[45.474999098100035,2.1583336606999985],[45.474999098100035,2.150000327399999],[45.466665764800034,2.150000327399999]]]}},{"id":"207949","type":"Feature","properties":{"population":186.38949584960938,"year":2025},"geometry":{"type":"Polygon","coordinates":[[[45.45833243150003,2.150000327399999],[45.45833243150003,2.1583336606999985],[45.466665764800034,2.1583336606999985],[45.466665764800034,2.150000327399999],[45.45833243150003,2.150000327399999]]]}},{"id":"207948","type":"Feature","properties":{"population":143.2659912109375,"year":2025},"geometry":{"type":"Polygon","coordinates":[[[45.44999909820003,2.150000327399999],[45.44999909820003,2.1583336606999985],[45.45833243150003,2.1583336606999985],[45.45833243150003,2.150000327399999],[45.44999909820003,2.150000327399999]]]}},{"id":"207699","type":"Feature","properties":{"population":339.4163818359375,"year":2025},"geometry":{"type":"Polygon","coordinates":[[[45.45833243150003,2.1583336606999985],[45.45833243150003,2.166666993999998],[45.466665764800034,2.166666993999998],[45.466665764800034,2.1583336606999985],[45.45833243150003,2.1583336606999985]]]}},{"id":"207698","type":"Feature","properties":{"population":204.5566864013672,"year":2025},"geometry":{"type":"Polygon","coordinates":[[[45.44999909820003,2.1583336606999985],[45.44999909820003,2.166666993999998],[45.45833243150003,2.166666993999998],[45.45833243150003,2.1583336606999985],[45.44999909820003,2.1583336606999985]]]}},{"id":"207697","type":"Feature","properties":{"population":260.3774108886719,"year":2025},"geometry":{"type":"Polygon","coordinates":[[[45.44999909820003,2.166666993999998],[45.44999909820003,2.1583336606999985],[45.44166576490003,2.1583336606999985],[45.44166576490003,2.164759898081611],[45.44833837269859,2.166666993999998],[45.44999909820003,2.166666993999998]]]}},{"id":"207704","type":"Feature","properties":{"population":27.881441116333008,"year":2025},"geometry":{"type":"Polygon","coordinates":[[[45.49999909800003,2.1583336606999985],[45.49999909800003,2.166666993999998],[45.50833243130003,2.166666993999998],[45.50833243130003,2.1583336606999985],[45.49999909800003,2.1583336606999985]]]}},{"id":"207703","type":"Feature","properties":{"population":95.35523986816406,"year":2025},"geometry":{"type":"Polygon","coordinates":[[[45.49166576470003,2.1583336606999985],[45.49166576470003,2.166666993999998],[45.49999909800003,2.166666993999998],[45.49999909800003,2.1583336606999985],[45.49166576470003,2.1583336606999985]]]}},{"id":"207702","type":"Feature","properties":{"population":93.9122543334961,"year":2025},"geometry":{"type":"Polygon","coordinates":[[[45.48333243140003,2.1583336606999985],[45.48333243140003,2.166666993999998],[45.49166576470003,2.166666993999998],[45.49166576470003,2.1583336606999985],[45.48333243140003,2.1583336606999985]]]}},{"id":"207701","type":"Feature","properties":{"population":82.29231262207031,"year":2025},"geometry":{"type":"Polygon","coordinates":[[[45.474999098100035,2.1583336606999985],[45.474999098100035,2.166666993999998],[45.48333243140003,2.166666993999998],[45.48333243140003,2.1583336606999985],[45.474999098100035,2.1583336606999985]]]}},{"id":"207473","type":"Feature","properties":{"population":56.31517791748047,"year":2025},"geometry":{"type":"Polygon","coordinates":[[[45.49166576470003,2.166666993999998],[45.48333243140003,2.166666993999998],[45.48333243140003,2.1721211301272754],[45.49166576470003,2.172878705881821],[45.49166576470003,2.166666993999998]]]}},{"id":"207472","type":"Feature","properties":{"population":150.3192138671875,"year":2025},"geometry":{"type":"Polygon","coordinates":[[[45.48333243140003,2.166666993999998],[45.474999098100035,2.166666993999998],[45.474999098100035,2.1713635543727303],[45.48333243140003,2.1721211301272754],[45.48333243140003,2.166666993999998]]]}},{"id":"207475","type":"Feature","properties":{"population":1.6080105304718018,"year":2025},"geometry":{"type":"Polygon","coordinates":[[[45.50833243130003,2.166666993999998],[45.49999909800003,2.166666993999998],[45.49999909800003,2.1736362816363664],[45.50833243130003,2.174393857390912],[45.50833243130003,2.166666993999998]]]}},{"id":"207474","type":"Feature","properties":{"population":8.761038780212402,"year":2025},"geometry":{"type":"Polygon","coordinates":[[[45.49999909800003,2.166666993999998],[45.49166576470003,2.166666993999998],[45.49166576470003,2.172878705881821],[45.49999909800003,2.1736362816363664],[45.49999909800003,2.166666993999998]]]}},{"id":"207700","type":"Feature","properties":{"population":81.53751373291016,"year":2025},"geometry":{"type":"Polygon","coordinates":[[[45.466665764800034,2.1583336606999985],[45.466665764800034,2.166666993999998],[45.474999098100035,2.166666993999998],[45.474999098100035,2.1583336606999985],[45.466665764800034,2.1583336606999985]]]}},{"id":"207469","type":"Feature","properties":{"population":298.6557312011719,"year":2025},"geometry":{"type":"Polygon","coordinates":[[[45.45833243150003,2.166666993999998],[45.44999909820003,2.166666993999998],[45.44999909820003,2.16714164542879],[45.45833243150003,2.169523392775969],[45.45833243150003,2.166666993999998]]]}},{"id":"207471","type":"Feature","properties":{"population":104.83052825927734,"year":2025},"geometry":{"type":"Polygon","coordinates":[[[45.474999098100035,2.166666993999998],[45.466665764800034,2.166666993999998],[45.466665764800034,2.170605978618185],[45.474999098100035,2.1713635543727303],[45.474999098100035,2.166666993999998]]]}},{"id":"207470","type":"Feature","properties":{"population":89.67401885986328,"year":2025},"geometry":{"type":"Polygon","coordinates":[[[45.466665764800034,2.166666993999998],[45.45833243150003,2.166666993999998],[45.45833243150003,2.169523392775969],[45.46,2.17],[45.466665764800034,2.170605978618185],[45.466665764800034,2.166666993999998]]]}},{"id":"207468","type":"Feature","properties":{"population":187.3291778564453,"year":2025},"geometry":{"type":"Polygon","coordinates":[[[45.44999909820003,2.166666993999998],[45.44833837269859,2.166666993999998],[45.44999909820003,2.16714164542879],[45.44999909820003,2.166666993999998]]]}},{"id":"209318","type":"Feature","properties":{"population":17391.08203125,"year":2025},"geometry":{"type":"Polygon","coordinates":[[[45.35833243190003,2.1000003275999983],[45.35833243190003,2.108333660899998],[45.36666576520003,2.108333660899998],[45.36666576520003,2.1000003275999983],[45.35833243190003,2.1000003275999983]]]}},{"id":"209319","type":"Feature","properties":{"population":21157.669921875,"year":2025},"geometry":{"type":"Polygon","coordinates":[[[45.36666576520003,2.1000003275999983],[45.36666576520003,2.108333660899998],[45.374999098500034,2.108333660899998],[45.374999098500034,2.1000003275999983],[45.36666576520003,2.1000003275999983]]]}},{"id":"209320","type":"Feature","properties":{"population":19474.58984375,"year":2025},"geometry":{"type":"Polygon","coordinates":[[[45.374999098500034,2.1000003275999983],[45.374999098500034,2.108333660899998],[45.383332431800035,2.108333660899998],[45.383332431800035,2.1000003275999983],[45.374999098500034,2.1000003275999983]]]}},{"id":"209317","type":"Feature","properties":{"population":5673.693359375,"year":2025},"geometry":{"type":"Polygon","coordinates":[[[45.35833243190003,2.108333660899998],[45.35833243190003,2.1000003275999983],[45.351765927078944,2.1000003275999983],[45.35813831429218,2.108333660899998],[45.35833243190003,2.108333660899998]]]}},{"id":"209091","type":"Feature","properties":{"population":851.3375854492188,"year":2025},"geometry":{"type":"Polygon","coordinates":[[[45.35833243190003,2.108333660899998],[45.35813831429218,2.108333660899998],[45.35833243190003,2.1085875134471705],[45.35833243190003,2.108333660899998]]]}},{"id":"209092","type":"Feature","properties":{"population":10329.818359375,"year":2025},"geometry":{"type":"Polygon","coordinates":[[[45.36666576520003,2.116666994199999],[45.36666576520003,2.108333660899998],[45.35833243190003,2.108333660899998],[45.35833243190003,2.1085875134471705],[45.36451070150541,2.116666994199999],[45.36666576520003,2.116666994199999]]]}},{"id":"209093","type":"Feature","properties":{"population":14738.4423828125,"year":2025},"geometry":{"type":"Polygon","coordinates":[[[45.36666576520003,2.108333660899998],[45.36666576520003,2.116666994199999],[45.374999098500034,2.116666994199999],[45.374999098500034,2.108333660899998],[45.36666576520003,2.108333660899998]]]}},{"id":"208870","type":"Feature","properties":{"population":1115.04931640625,"year":2025},"geometry":{"type":"Polygon","coordinates":[[[45.36666576520003,2.116666994199999],[45.36451070150541,2.116666994199999],[45.36666576520003,2.1194852259629253],[45.36666576520003,2.116666994199999]]]}},{"id":"208872","type":"Feature","properties":{"population":3456.640625,"year":2025},"geometry":{"type":"Polygon","coordinates":[[[45.374999098500034,2.116666994199999],[45.374999098500034,2.1250003274999987],[45.383332431800035,2.1250003274999987],[45.383332431800035,2.116666994199999],[45.374999098500034,2.116666994199999]]]}},{"id":"209095","type":"Feature","properties":{"population":1781.699462890625,"year":2025},"geometry":{"type":"Polygon","coordinates":[[[45.383332431800035,2.108333660899998],[45.383332431800035,2.116666994199999],[45.39166576510003,2.116666994199999],[45.39166576510003,2.108333660899998],[45.383332431800035,2.108333660899998]]]}},{"id":"209098","type":"Feature","properties":{"population":349.4969787597656,"year":2025},"geometry":{"type":"Polygon","coordinates":[[[45.40833243170003,2.108333660899998],[45.40833243170003,2.116666994199999],[45.41666576500003,2.116666994199999],[45.41666576500003,2.108333660899998],[45.40833243170003,2.108333660899998]]]}},{"id":"209097","type":"Feature","properties":{"population":141.06077575683594,"year":2025},"geometry":{"type":"Polygon","coordinates":[[[45.39999909840003,2.108333660899998],[45.39999909840003,2.116666994199999],[45.40833243170003,2.116666994199999],[45.40833243170003,2.108333660899998],[45.39999909840003,2.108333660899998]]]}},{"id":"208874","type":"Feature","properties":{"population":251.56192016601562,"year":2025},"geometry":{"type":"Polygon","coordinates":[[[45.39166576510003,2.116666994199999],[45.39166576510003,2.1250003274999987],[45.39999909840003,2.1250003274999987],[45.39999909840003,2.116666994199999],[45.39166576510003,2.116666994199999]]]}},{"id":"208873","type":"Feature","properties":{"population":390.10443115234375,"year":2025},"geometry":{"type":"Polygon","coordinates":[[[45.383332431800035,2.116666994199999],[45.383332431800035,2.1250003274999987],[45.39166576510003,2.1250003274999987],[45.39166576510003,2.116666994199999],[45.383332431800035,2.116666994199999]]]}},{"id":"208875","type":"Feature","properties":{"population":419.08721923828125,"year":2025},"geometry":{"type":"Polygon","coordinates":[[[45.39999909840003,2.116666994199999],[45.39999909840003,2.1250003274999987],[45.40833243170003,2.1250003274999987],[45.40833243170003,2.116666994199999],[45.39999909840003,2.116666994199999]]]}},{"id":"208876","type":"Feature","properties":{"population":233.1845245361328,"year":2025},"geometry":{"type":"Polygon","coordinates":[[[45.40833243170003,2.116666994199999],[45.40833243170003,2.1250003274999987],[45.41666576500003,2.1250003274999987],[45.41666576500003,2.116666994199999],[45.40833243170003,2.116666994199999]]]}},{"id":"208646","type":"Feature","properties":{"population":252.15237426757812,"year":2025},"geometry":{"type":"Polygon","coordinates":[[[45.39999909840003,2.1250003274999987],[45.39999909840003,2.133333660799998],[45.40833243170003,2.133333660799998],[45.40833243170003,2.1250003274999987],[45.39999909840003,2.1250003274999987]]]}},{"id":"208644","type":"Feature","properties":{"population":527.4302978515625,"year":2025},"geometry":{"type":"Polygon","coordinates":[[[45.383332431800035,2.1250003274999987],[45.383332431800035,2.133333660799998],[45.39166576510003,2.133333660799998],[45.39166576510003,2.1250003274999987],[45.383332431800035,2.1250003274999987]]]}},{"id":"208647","type":"Feature","properties":{"population":197.54270935058594,"year":2025},"geometry":{"type":"Polygon","coordinates":[[[45.40833243170003,2.1250003274999987],[45.40833243170003,2.133333660799998],[45.41666576500003,2.133333660799998],[45.41666576500003,2.1250003274999987],[45.40833243170003,2.1250003274999987]]]}},{"id":"208871","type":"Feature","properties":{"population":6715.21923828125,"year":2025},"geometry":{"type":"Polygon","coordinates":[[[45.374999098500034,2.1250003274999987],[45.374999098500034,2.116666994199999],[45.36666576520003,2.116666994199999],[45.36666576520003,2.1194852259629253],[45.37088308871865,2.1250003274999987],[45.374999098500034,2.1250003274999987]]]}},{"id":"208642","type":"Feature","properties":{"population":1061.35205078125,"year":2025},"geometry":{"type":"Polygon","coordinates":[[[45.374999098500034,2.1250003274999987],[45.37088308871865,2.1250003274999987],[45.374999098500034,2.1303829384786797],[45.374999098500034,2.1250003274999987]]]}},{"id":"208643","type":"Feature","properties":{"population":1569.0634765625,"year":2025},"geometry":{"type":"Polygon","coordinates":[[[45.383332431800035,2.133333660799998],[45.383332431800035,2.1250003274999987],[45.374999098500034,2.1250003274999987],[45.374999098500034,2.1303829384786797],[45.37725547593188,2.133333660799998],[45.383332431800035,2.133333660799998]]]}},{"id":"208400","type":"Feature","properties":{"population":546.0405883789062,"year":2025},"geometry":{"type":"Polygon","coordinates":[[[45.383332431800035,2.133333660799998],[45.37725547593188,2.133333660799998],[45.383332431800035,2.1412806509944344],[45.383332431800035,2.133333660799998]]]}},{"id":"208645","type":"Feature","properties":{"population":578.4749145507812,"year":2025},"geometry":{"type":"Polygon","coordinates":[[[45.39166576510003,2.1250003274999987],[45.39166576510003,2.133333660799998],[45.39999909840003,2.133333660799998],[45.39999909840003,2.1250003274999987],[45.39166576510003,2.1250003274999987]]]}},{"id":"208402","type":"Feature","properties":{"population":684.0315551757812,"year":2025},"geometry":{"type":"Polygon","coordinates":[[[45.39166576510003,2.133333660799998],[45.39166576510003,2.1416669940999995],[45.39999909840003,2.1416669940999995],[45.39999909840003,2.133333660799998],[45.39166576510003,2.133333660799998]]]}},{"id":"208404","type":"Feature","properties":{"population":288.77264404296875,"year":2025},"geometry":{"type":"Polygon","coordinates":[[[45.40833243170003,2.133333660799998],[45.40833243170003,2.1416669940999995],[45.41666576500003,2.1416669940999995],[45.41666576500003,2.133333660799998],[45.40833243170003,2.133333660799998]]]}},{"id":"208403","type":"Feature","properties":{"population":281.78167724609375,"year":2025},"geometry":{"type":"Polygon","coordinates":[[[45.39999909840003,2.133333660799998],[45.39999909840003,2.1416669940999995],[45.40833243170003,2.1416669940999995],[45.40833243170003,2.133333660799998],[45.39999909840003,2.133333660799998]]]}},{"id":"208401","type":"Feature","properties":{"population":451.52557373046875,"year":2025},"geometry":{"type":"Polygon","coordinates":[[[45.39166576510003,2.1416669940999995],[45.39166576510003,2.133333660799998],[45.383332431800035,2.133333660799998],[45.383332431800035,2.1412806509944344],[45.383627863145115,2.1416669940999995],[45.39166576510003,2.1416669940999995]]]}},{"id":"208168","type":"Feature","properties":{"population":401.24981689453125,"year":2025},"geometry":{"type":"Polygon","coordinates":[[[45.40833243170003,2.1416669940999995],[45.40833243170003,2.150000327399999],[45.41666576500003,2.150000327399999],[45.41666576500003,2.1416669940999995],[45.40833243170003,2.1416669940999995]]]}},{"id":"208166","type":"Feature","properties":{"population":893.2985229492188,"year":2025},"geometry":{"type":"Polygon","coordinates":[[[45.39166576510003,2.1416669940999995],[45.39166576510003,2.150000327399999],[45.39999909840003,2.150000327399999],[45.39999909840003,2.1416669940999995],[45.39166576510003,2.1416669940999995]]]}},{"id":"208165","type":"Feature","properties":{"population":1014.4521484375,"year":2025},"geometry":{"type":"Polygon","coordinates":[[[45.39166576510003,2.150000327399999],[45.39166576510003,2.1416669940999995],[45.383627863145115,2.1416669940999995],[45.39,2.15],[45.39000114618619,2.150000327399999],[45.39166576510003,2.150000327399999]]]}},{"id":"208167","type":"Feature","properties":{"population":486.7787170410156,"year":2025},"geometry":{"type":"Polygon","coordinates":[[[45.39999909840003,2.1416669940999995],[45.39999909840003,2.150000327399999],[45.40833243170003,2.150000327399999],[45.40833243170003,2.1416669940999995],[45.39999909840003,2.1416669940999995]]]}},{"id":"207943","type":"Feature","properties":{"population":357.6453552246094,"year":2025},"geometry":{"type":"Polygon","coordinates":[[[45.41666576500003,2.150000327399999],[45.40833243170003,2.150000327399999],[45.40833243170003,2.155236529803954],[45.41666576500003,2.1576168876804087],[45.41666576500003,2.150000327399999]]]}},{"id":"207942","type":"Feature","properties":{"population":628.1001586914062,"year":2025},"geometry":{"type":"Polygon","coordinates":[[[45.40833243170003,2.150000327399999],[45.39999909840003,2.150000327399999],[45.39999909840003,2.1528561719274992],[45.40833243170003,2.155236529803954],[45.40833243170003,2.150000327399999]]]}},{"id":"207940","type":"Feature","properties":{"population":574.8634643554688,"year":2025},"geometry":{"type":"Polygon","coordinates":[[[45.39166576510003,2.150000327399999],[45.39000114618619,2.150000327399999],[45.39166576510003,2.1504758140510445],[45.39166576510003,2.150000327399999]]]}},{"id":"207941","type":"Feature","properties":{"population":1062.18505859375,"year":2025},"geometry":{"type":"Polygon","coordinates":[[[45.39999909840003,2.150000327399999],[45.39166576510003,2.150000327399999],[45.39166576510003,2.1504758140510445],[45.39999909840003,2.1528561719274992],[45.39999909840003,2.150000327399999]]]}},{"id":"207945","type":"Feature","properties":{"population":328.0835876464844,"year":2025},"geometry":{"type":"Polygon","coordinates":[[[45.424999098300034,2.150000327399999],[45.424999098300034,2.1583336606999985],[45.433332431600036,2.1583336606999985],[45.433332431600036,2.150000327399999],[45.424999098300034,2.150000327399999]]]}},{"id":"207944","type":"Feature","properties":{"population":306.07171630859375,"year":2025},"geometry":{"type":"Polygon","coordinates":[[[45.424999098300034,2.1583336606999985],[45.424999098300034,2.150000327399999],[45.41666576500003,2.150000327399999],[45.41666576500003,2.1576168876804087],[45.41917509711844,2.1583336606999985],[45.424999098300034,2.1583336606999985]]]}},{"id":"207946","type":"Feature","properties":{"population":187.27761840820312,"year":2025},"geometry":{"type":"Polygon","coordinates":[[[45.433332431600036,2.150000327399999],[45.433332431600036,2.1583336606999985],[45.44166576490003,2.1583336606999985],[45.44166576490003,2.150000327399999],[45.433332431600036,2.150000327399999]]]}},{"id":"207694","type":"Feature","properties":{"population":441.5660705566406,"year":2025},"geometry":{"type":"Polygon","coordinates":[[[45.424999098300034,2.1583336606999985],[45.41917509711844,2.1583336606999985],[45.424999098300034,2.159997245556863],[45.424999098300034,2.1583336606999985]]]}},{"id":"207695","type":"Feature","properties":{"population":484.7550354003906,"year":2025},"geometry":{"type":"Polygon","coordinates":[[[45.433332431600036,2.1583336606999985],[45.424999098300034,2.1583336606999985],[45.424999098300034,2.159997245556863],[45.43005,2.16144],[45.433332431600036,2.1623781507344337],[45.433332431600036,2.1583336606999985]]]}},{"id":"207696","type":"Feature","properties":{"population":405.05810546875,"year":2025},"geometry":{"type":"Polygon","coordinates":[[[45.44166576490003,2.1583336606999985],[45.433332431600036,2.1583336606999985],[45.433332431600036,2.1623781507344337],[45.44166576490003,2.164759898081611],[45.44166576490003,2.1583336606999985]]]}},{"id":"208414","type":"Feature","properties":{"population":10.118874549865723,"year":2025},"geometry":{"type":"Polygon","coordinates":[[[45.50833243130003,2.133333660799998],[45.50833243130003,2.1416669940999995],[45.516665764600035,2.1416669940999995],[45.516665764600035,2.133333660799998],[45.50833243130003,2.133333660799998]]]}},{"id":"208416","type":"Feature","properties":{"population":6.372749328613281,"year":2025},"geometry":{"type":"Polygon","coordinates":[[[45.524999097900036,2.1416669940999995],[45.53333243120003,2.1416669940999995],[45.53333243120003,2.1408770016372154],[45.533,2.14081],[45.53275,2.14055],[45.53249,2.1403],[45.53224,2.14004],[45.53198,2.13978],[45.53121,2.13952],[45.53095,2.13927],[45.53044,2.13901],[45.53018,2.13875],[45.52967,2.13849],[45.52942,2.13824],[45.5289,2.13798],[45.52865,2.13772],[45.52813,2.13746],[45.52762,2.1372],[45.52736,2.13695],[45.52685,2.13669],[45.5266,2.13643],[45.52634,2.13617],[45.52557,2.13592],[45.52531,2.13566],[45.52506,2.1354],[45.524999097900036,2.1353390979000335],[45.524999097900036,2.1416669940999995]]]}},{"id":"208415","type":"Feature","properties":{"population":16.221534729003906,"year":2025},"geometry":{"type":"Polygon","coordinates":[[[45.516665764600035,2.133333660799998],[45.516665764600035,2.1416669940999995],[45.524999097900036,2.1416669940999995],[45.524999097900036,2.1353390979000335],[45.5248,2.13514],[45.52454,2.13489],[45.52403,2.13463],[45.52378,2.13437],[45.52326,2.13411],[45.52301,2.13385],[45.52275,2.1336],[45.52249,2.13334],[45.52247756541538,2.133333660799998],[45.516665764600035,2.133333660799998]]]}},{"id":"208180","type":"Feature","properties":{"population":62.23838806152344,"year":2025},"geometry":{"type":"Polygon","coordinates":[[[45.50833243130003,2.1416669940999995],[45.50833243130003,2.150000327399999],[45.516665764600035,2.150000327399999],[45.516665764600035,2.1416669940999995],[45.50833243130003,2.1416669940999995]]]}},{"id":"208181","type":"Feature","properties":{"population":1.4940898418426514,"year":2025},"geometry":{"type":"Polygon","coordinates":[[[45.516665764600035,2.1416669940999995],[45.516665764600035,2.150000327399999],[45.524999097900036,2.150000327399999],[45.524999097900036,2.1416669940999995],[45.516665764600035,2.1416669940999995]]]}},{"id":"208182","type":"Feature","properties":{"population":282.3824157714844,"year":2025},"geometry":{"type":"Polygon","coordinates":[[[45.524999097900036,2.1416669940999995],[45.524999097900036,2.150000327399999],[45.53333243120003,2.150000327399999],[45.53333243120003,2.1416669940999995],[45.524999097900036,2.1416669940999995]]]}},{"id":"207955","type":"Feature","properties":{"population":180.24166870117188,"year":2025},"geometry":{"type":"Polygon","coordinates":[[[45.50833243130003,2.150000327399999],[45.50833243130003,2.1583336606999985],[45.516665764600035,2.1583336606999985],[45.516665764600035,2.150000327399999],[45.50833243130003,2.150000327399999]]]}},{"id":"207957","type":"Feature","properties":{"population":31.991901397705078,"year":2025},"geometry":{"type":"Polygon","coordinates":[[[45.524999097900036,2.150000327399999],[45.524999097900036,2.1583336606999985],[45.53333243120003,2.1583336606999985],[45.53333243120003,2.150000327399999],[45.524999097900036,2.150000327399999]]]}},{"id":"207956","type":"Feature","properties":{"population":10.109197616577148,"year":2025},"geometry":{"type":"Polygon","coordinates":[[[45.516665764600035,2.150000327399999],[45.516665764600035,2.1583336606999985],[45.524999097900036,2.1583336606999985],[45.524999097900036,2.150000327399999],[45.516665764600035,2.150000327399999]]]}},{"id":"207705","type":"Feature","properties":{"population":77.47555541992188,"year":2025},"geometry":{"type":"Polygon","coordinates":[[[45.50833243130003,2.1583336606999985],[45.50833243130003,2.166666993999998],[45.516665764600035,2.166666993999998],[45.516665764600035,2.1583336606999985],[45.50833243130003,2.1583336606999985]]]}},{"id":"208184","type":"Feature","properties":{"population":7.213339328765869,"year":2025},"geometry":{"type":"Polygon","coordinates":[[[45.54166576450003,2.150000327399999],[45.5475303274,2.150000327399999],[45.54736,2.14983],[45.5471,2.14957],[45.54685,2.14932],[45.54659,2.14906],[45.54608,2.1488],[45.54582,2.14854],[45.54557,2.14829],[45.54505,2.14816],[45.54505,2.14764],[45.54454,2.14751],[45.54377,2.14725],[45.54351,2.147],[45.54275,2.14674],[45.54249,2.14648],[45.54198,2.14622],[45.54166576450003,2.146068925240399],[45.54166576450003,2.150000327399999]]]}},{"id":"208183","type":"Feature","properties":{"population":282.2490234375,"year":2025},"geometry":{"type":"Polygon","coordinates":[[[45.53333243120003,2.1416669940999995],[45.53333243120003,2.150000327399999],[45.54166576450003,2.150000327399999],[45.54166576450003,2.146068925240399],[45.54146,2.14597],[45.54044,2.14571],[45.54018,2.14545],[45.53993,2.14519],[45.53967,2.14494],[45.53941,2.14468],[45.5389,2.14442],[45.53864,2.14416],[45.53813,2.1439],[45.53788,2.14365],[45.53762,2.14339],[45.53711,2.14313],[45.53659,2.14287],[45.53634,2.14262],[45.53582,2.14236],[45.53531,2.1421],[45.53506,2.14184],[45.534880073863995,2.1416669940999995],[45.53333243120003,2.1416669940999995]]]}},{"id":"207958","type":"Feature","properties":{"population":162.71011352539062,"year":2025},"geometry":{"type":"Polygon","coordinates":[[[45.53333243120003,2.150000327399999],[45.53333243120003,2.1583336606999985],[45.54166576450003,2.1583336606999985],[45.54166576450003,2.150000327399999],[45.53333243120003,2.150000327399999]]]}},{"id":"207959","type":"Feature","properties":{"population":37.500606536865234,"year":2025},"geometry":{"type":"Polygon","coordinates":[[[45.54166576450003,2.150000327399999],[45.54166576450003,2.1583336606999985],[45.54999909780003,2.1583336606999985],[45.54999909780003,2.152189548900016],[45.54992,2.15215],[45.54941,2.15202],[45.54928,2.15151],[45.54903,2.15125],[45.5489,2.15073],[45.54813,2.1506],[45.54787,2.15035],[45.54762,2.15009],[45.5475303274,2.150000327399999],[45.54166576450003,2.150000327399999]]]}},{"id":"207709","type":"Feature","properties":{"population":261.0865783691406,"year":2025},"geometry":{"type":"Polygon","coordinates":[[[45.54166576450003,2.1583336606999985],[45.54166576450003,2.166666993999998],[45.54999909780003,2.166666993999998],[45.54999909780003,2.1583336606999985],[45.54166576450003,2.1583336606999985]]]}},{"id":"207710","type":"Feature","properties":{"population":22.638385772705078,"year":2025},"geometry":{"type":"Polygon","coordinates":[[[45.54999909780003,2.1583336606999985],[45.54999909780003,2.166666993999998],[45.558332431100034,2.166666993999998],[45.558332431100034,2.1583336606999985],[45.54999909780003,2.1583336606999985]]]}},{"id":"207708","type":"Feature","properties":{"population":7.3412699699401855,"year":2025},"geometry":{"type":"Polygon","coordinates":[[[45.53333243120003,2.1583336606999985],[45.53333243120003,2.166666993999998],[45.54166576450003,2.166666993999998],[45.54166576450003,2.1583336606999985],[45.53333243120003,2.1583336606999985]]]}},{"id":"207481","type":"Feature","properties":{"population":107.78585815429688,"year":2025},"geometry":{"type":"Polygon","coordinates":[[[45.54999909780003,2.166666993999998],[45.54999909780003,2.1750003272999994],[45.558332431100034,2.1750003272999994],[45.558332431100034,2.166666993999998],[45.54999909780003,2.166666993999998]]]}},{"id":"207479","type":"Feature","properties":{"population":254.0680389404297,"year":2025},"geometry":{"type":"Polygon","coordinates":[[[45.53333243120003,2.166666993999998],[45.53333243120003,2.1750003272999994],[45.54166576450003,2.1750003272999994],[45.54166576450003,2.166666993999998],[45.53333243120003,2.166666993999998]]]}},{"id":"207480","type":"Feature","properties":{"population":480.39697265625,"year":2025},"geometry":{"type":"Polygon","coordinates":[[[45.54166576450003,2.166666993999998],[45.54166576450003,2.1750003272999994],[45.54999909780003,2.1750003272999994],[45.54999909780003,2.166666993999998],[45.54166576450003,2.166666993999998]]]}},{"id":"207711","type":"Feature","properties":{"population":2.4828860759735107,"year":2025},"geometry":{"type":"Polygon","coordinates":[[[45.558332431100034,2.1583336606999985],[45.558332431100034,2.166666993999998],[45.566665764400035,2.166666993999998],[45.566665764400035,2.1614671394117826],[45.56659,2.16143],[45.56633,2.16117],[45.56607,2.16091],[45.5653,2.16065],[45.56454,2.1604],[45.56325,2.16014],[45.56248,2.15988],[45.56172,2.15962],[45.5612,2.15937],[45.56095,2.15911],[45.56069,2.15885],[45.56018,2.15859],[45.55966,2.15834],[45.55964756521923,2.1583336606999985],[45.558332431100034,2.1583336606999985]]]}},{"id":"207712","type":"Feature","properties":{"population":4.88737154006958,"year":2025},"geometry":{"type":"Polygon","coordinates":[[[45.566665764400035,2.166666993999998],[45.57499909770003,2.166666993999998],[45.57499909770003,2.1666506044181917],[45.57479,2.16658],[45.57428,2.16632],[45.57376,2.16607],[45.57325,2.16607],[45.57274,2.16607],[45.57197,2.16581],[45.57171,2.16555],[45.57094,2.16542],[45.57082,2.16491],[45.57069,2.16465],[45.57018,2.16452],[45.56992,2.16426],[45.56966,2.164],[45.56941,2.16375],[45.56889,2.16349],[45.56864,2.16336],[45.56851,2.16284],[45.56838,2.16233],[45.56889,2.16233],[45.56889,2.16181],[45.56864,2.16194],[45.56761,2.16194],[45.5671,2.16168],[45.566665764400035,2.1614671394117826],[45.566665764400035,2.166666993999998]]]}},{"id":"207484","type":"Feature","properties":{"population":7.543788909912109,"year":2025},"geometry":{"type":"Polygon","coordinates":[[[45.57499909770003,2.166666993999998],[45.57499909770003,2.1750003272999994],[45.58333243100003,2.1750003272999994],[45.58333243100003,2.170782431000032],[45.58312,2.17057],[45.58286,2.17032],[45.58274,2.17006],[45.58248,2.17019],[45.58222,2.17019],[45.58169,2.17005],[45.5812,2.16993],[45.57992,2.16967],[45.5794,2.16941],[45.57915,2.16916],[45.57889,2.16916],[45.57863,2.16916],[45.57838,2.1689],[45.57787,2.16864],[45.57735,2.16838],[45.5771,2.16826],[45.5771,2.16774],[45.57658,2.16761],[45.57633,2.16735],[45.57581,2.1671],[45.57556,2.16684],[45.57504763607692,2.166666993999998],[45.57499909770003,2.166666993999998]]]}},{"id":"207483","type":"Feature","properties":{"population":243.1999969482422,"year":2025},"geometry":{"type":"Polygon","coordinates":[[[45.566665764400035,2.166666993999998],[45.566665764400035,2.1750003272999994],[45.57499909770003,2.1750003272999994],[45.57499909770003,2.166666993999998],[45.566665764400035,2.166666993999998]]]}},{"id":"207485","type":"Feature","properties":{"population":9.013136863708496,"year":2025},"geometry":{"type":"Polygon","coordinates":[[[45.58333243100003,2.1750003272999994],[45.588897794992,2.1750003272999994],[45.58838,2.17483],[45.58812,2.17483],[45.58786,2.17483],[45.58735,2.17457],[45.58709,2.17431],[45.58658,2.17405],[45.58607,2.1738],[45.58581,2.17354],[45.5853,2.17341],[45.58517,2.17289],[45.58491,2.17264],[45.58479,2.17238],[45.58427,2.17225],[45.58402,2.17212],[45.58402,2.17161],[45.58351,2.17161],[45.58338,2.17083],[45.58333243100003,2.170782431000032],[45.58333243100003,2.1750003272999994]]]}},{"id":"207275","type":"Feature","properties":{"population":906.656005859375,"year":2025},"geometry":{"type":"Polygon","coordinates":[[[45.59999909760003,2.1815654223058987],[45.59991,2.18152],[45.59914,2.18127],[45.59863,2.18101],[45.59837,2.18075],[45.59812,2.18049],[45.59735,2.18024],[45.59684,2.17998],[45.59632,2.17972],[45.59607,2.17946],[45.59581,2.17934],[45.59581,2.17882],[45.5953,2.17869],[45.59504,2.17843],[45.59478,2.17817],[45.59427,2.17792],[45.59402,2.17766],[45.5935,2.1774],[45.59325,2.17714],[45.59299,2.17689],[45.59273,2.17663],[45.59222,2.17637],[45.59196,2.17637],[45.59171,2.17637],[45.59166576430003,2.1763257643000324],[45.59166576430003,2.1819682964769966],[45.59999909760003,2.1827236990366066],[45.59999909760003,2.1815654223058987]]]}},{"id":"207274","type":"Feature","properties":{"population":1897.4410400390625,"year":2025},"geometry":{"type":"Polygon","coordinates":[[[45.59166576430003,2.1763257643000324],[45.59145,2.17611],[45.5912,2.17586],[45.59094,2.1756],[45.59043,2.17534],[45.58991,2.17534],[45.58966,2.17534],[45.58914,2.17508],[45.588897794992,2.1750003272999994],[45.58333243100003,2.1750003272999994],[45.58333243100003,2.181212039181821],[45.58661,2.18151],[45.59166576430003,2.1819682964769966],[45.59166576430003,2.1763257643000324]]]}},{"id":"207273","type":"Feature","properties":{"population":4.4153594970703125,"year":2025},"geometry":{"type":"Polygon","coordinates":[[[45.58333243100003,2.1750003272999994],[45.57499909770003,2.1750003272999994],[45.57499909770003,2.1804544634272753],[45.58333243100003,2.181212039181821],[45.58333243100003,2.1750003272999994]]]}},{"id":"207707","type":"Feature","properties":{"population":26.240209579467773,"year":2025},"geometry":{"type":"Polygon","coordinates":[[[45.524999097900036,2.1583336606999985],[45.524999097900036,2.166666993999998],[45.53333243120003,2.166666993999998],[45.53333243120003,2.1583336606999985],[45.524999097900036,2.1583336606999985]]]}},{"id":"207706","type":"Feature","properties":{"population":28.628053665161133,"year":2025},"geometry":{"type":"Polygon","coordinates":[[[45.516665764600035,2.1583336606999985],[45.516665764600035,2.166666993999998],[45.524999097900036,2.166666993999998],[45.524999097900036,2.1583336606999985],[45.516665764600035,2.1583336606999985]]]}},{"id":"207476","type":"Feature","properties":{"population":6.678770065307617,"year":2025},"geometry":{"type":"Polygon","coordinates":[[[45.516665764600035,2.1750003272999994],[45.516665764600035,2.166666993999998],[45.50833243130003,2.166666993999998],[45.50833243130003,2.174393857390912],[45.5150036003,2.1750003272999994],[45.516665764600035,2.1750003272999994]]]}},{"id":"207477","type":"Feature","properties":{"population":54.50392532348633,"year":2025},"geometry":{"type":"Polygon","coordinates":[[[45.516665764600035,2.166666993999998],[45.516665764600035,2.1750003272999994],[45.524999097900036,2.1750003272999994],[45.524999097900036,2.166666993999998],[45.516665764600035,2.166666993999998]]]}},{"id":"207478","type":"Feature","properties":{"population":20.93300437927246,"year":2025},"geometry":{"type":"Polygon","coordinates":[[[45.524999097900036,2.166666993999998],[45.524999097900036,2.1750003272999994],[45.53333243120003,2.1750003272999994],[45.53333243120003,2.166666993999998],[45.524999097900036,2.166666993999998]]]}},{"id":"207268","type":"Feature","properties":{"population":76.48764038085938,"year":2025},"geometry":{"type":"Polygon","coordinates":[[[45.53333243120003,2.1750003272999994],[45.524999097900036,2.1750003272999994],[45.524999097900036,2.1759090089000033],[45.53333243120003,2.176666584654548],[45.53333243120003,2.1750003272999994]]]}},{"id":"207267","type":"Feature","properties":{"population":122.75228118896484,"year":2025},"geometry":{"type":"Polygon","coordinates":[[[45.524999097900036,2.1750003272999994],[45.516665764600035,2.1750003272999994],[45.516665764600035,2.1751514331454573],[45.524999097900036,2.1759090089000033],[45.524999097900036,2.1750003272999994]]]}},{"id":"207266","type":"Feature","properties":{"population":61.5831413269043,"year":2025},"geometry":{"type":"Polygon","coordinates":[[[45.516665764600035,2.1750003272999994],[45.5150036003,2.1750003272999994],[45.516665764600035,2.1751514331454573],[45.516665764600035,2.1750003272999994]]]}},{"id":"207482","type":"Feature","properties":{"population":64.7791748046875,"year":2025},"geometry":{"type":"Polygon","coordinates":[[[45.558332431100034,2.166666993999998],[45.558332431100034,2.1750003272999994],[45.566665764400035,2.1750003272999994],[45.566665764400035,2.166666993999998],[45.558332431100034,2.166666993999998]]]}},{"id":"207270","type":"Feature","properties":{"population":95.2591323852539,"year":2025},"geometry":{"type":"Polygon","coordinates":[[[45.54999909780003,2.1750003272999994],[45.54166576450003,2.1750003272999994],[45.54166576450003,2.1774241604090934],[45.54999909780003,2.1781817361636393],[45.54999909780003,2.1750003272999994]]]}},{"id":"207271","type":"Feature","properties":{"population":45.53358459472656,"year":2025},"geometry":{"type":"Polygon","coordinates":[[[45.558332431100034,2.1750003272999994],[45.54999909780003,2.1750003272999994],[45.54999909780003,2.1781817361636393],[45.558332431100034,2.178939311918185],[45.558332431100034,2.1750003272999994]]]}},{"id":"207269","type":"Feature","properties":{"population":62.615875244140625,"year":2025},"geometry":{"type":"Polygon","coordinates":[[[45.54166576450003,2.1750003272999994],[45.53333243120003,2.1750003272999994],[45.53333243120003,2.176666584654548],[45.54166576450003,2.1774241604090934],[45.54166576450003,2.1750003272999994]]]}},{"id":"207272","type":"Feature","properties":{"population":229.48583984375,"year":2025},"geometry":{"type":"Polygon","coordinates":[[[45.566665764400035,2.1750003272999994],[45.558332431100034,2.1750003272999994],[45.558332431100034,2.178939311918185],[45.566665764400035,2.1796968876727303],[45.566665764400035,2.1750003272999994]]]}},{"id":"207276","type":"Feature","properties":{"population":1.4069682359695435,"year":2025},"geometry":{"type":"Polygon","coordinates":[[[45.59999909760003,2.1827236990366066],[45.60404,2.18309],[45.60401,2.18307],[45.6035,2.18281],[45.60299,2.18255],[45.60222,2.1823],[45.60171,2.18204],[45.60119,2.18204],[45.60094,2.18204],[45.60042,2.18178],[45.59999909760003,2.1815654223058987],[45.59999909760003,2.1827236990366066]]]}}]}