{"type":"FeatureCollection","metadata":{"region":"Banadir","admin_level":1,"year":2015,"source":"WorldPop Global2 R2025A","type":"Total Population (Constrained)","resolution":"1km","total_population":1561781,"cell_count":292,"generated":"2026-01-28"},"features":[{"id":"211479","type":"Feature","properties":{"population":87.6561050415039,"year":2015},"geometry":{"type":"Polygon","coordinates":[[[45.28028957048276,2.0000003279999987],[45.28021,1.9999],[45.28002,1.99958],[45.27951,1.99932],[45.27899,1.9992],[45.2776,1.99822],[45.27623,1.9976],[45.27565,1.99674],[45.27515,1.99623],[45.27499909890003,1.9961457761302515],[45.27499909890003,1.9996144978764907],[45.275294164242695,2.0000003279999987],[45.28028957048276,2.0000003279999987]]]}},{"id":"211478","type":"Feature","properties":{"population":3238.54443359375,"year":2015},"geometry":{"type":"Polygon","coordinates":[[[45.27499909890003,1.9961457761302515],[45.27472,1.99599],[45.27417,1.99561],[45.27367,1.99498],[45.2731,1.99443],[45.27247,1.99402],[45.27197,1.99353],[45.27065,1.993],[45.27002,1.99251],[45.26926,1.99211],[45.27499909890003,1.9996144978764907],[45.27499909890003,1.9961457761302515]]]}},{"id":"211332","type":"Feature","properties":{"population":9056.6650390625,"year":2015},"geometry":{"type":"Polygon","coordinates":[[[45.283332432200034,2.0083336612999982],[45.283332432200034,2.001885532400029],[45.28301,2.00162],[45.28273,2.00133],[45.28233,2.00113],[45.28186,2.00079],[45.28156,2.00061],[45.2813,2.00053],[45.28076,2.0004],[45.28044,2.00019],[45.28028957048276,2.0000003279999987],[45.275294164242695,2.0000003279999987],[45.28166711880444,2.0083336612999982],[45.283332432200034,2.0083336612999982]]]}},{"id":"211334","type":"Feature","properties":{"population":2088.7900390625,"year":2015},"geometry":{"type":"Polygon","coordinates":[[[45.291665765500035,2.0083336612999982],[45.29985217849333,2.0083336612999982],[45.29989,2.00805],[45.29979,2.00789],[45.29947,2.00786],[45.29913,2.008],[45.29857,2.00767],[45.29834,2.00742],[45.29803,2.0071],[45.29783,2.00667],[45.29785,2.00637],[45.298,2.00626],[45.29806,2.00607],[45.29791,2.00599],[45.29769,2.00598],[45.29756,2.0061],[45.2972,2.00626],[45.29689,2.00628],[45.2966,2.00611],[45.29611,2.00566],[45.29522,2.0053],[45.29472,2.00492],[45.29425,2.00427],[45.2941,2.00385],[45.29431,2.00367],[45.29448,2.00362],[45.29454,2.00352],[45.29453,2.00333],[45.29449,2.00309],[45.29432,2.00292],[45.29404,2.00287],[45.29391,2.00281],[45.29364,2.00278],[45.29338,2.00283],[45.2933,2.00293],[45.29329,2.00308],[45.29363,2.00354],[45.29352,2.00374],[45.29314,2.00387],[45.2923,2.00398],[45.29217,2.00382],[45.29191,2.0039],[45.29172,2.00412],[45.291665765500035,2.004111391349212],[45.291665765500035,2.0083336612999982]]]}},{"id":"211333","type":"Feature","properties":{"population":5520.87548828125,"year":2015},"geometry":{"type":"Polygon","coordinates":[[[45.283332432200034,2.0083336612999982],[45.291665765500035,2.0083336612999982],[45.291665765500035,2.004111391349212],[45.29109,2.00402],[45.29014,2.00354],[45.28966,2.00351],[45.28916,2.00345],[45.28868,2.0033],[45.28822,2.00319],[45.2879,2.00297],[45.28746,2.00275],[45.28698,2.00285],[45.28685,2.00307],[45.28696,2.00333],[45.28668,2.00358],[45.28617,2.00345],[45.2854,2.00319],[45.28463,2.00293],[45.28438,2.00268],[45.28386,2.00242],[45.28361,2.00216],[45.28335,2.0019],[45.283332432200034,2.001885532400029],[45.283332432200034,2.0083336612999982]]]}},{"id":"211183","type":"Feature","properties":{"population":15099.91796875,"year":2015},"geometry":{"type":"Polygon","coordinates":[[[45.291665765500035,2.0083336612999982],[45.291665765500035,2.0166669945999995],[45.29999909880003,2.0166669945999995],[45.29999909880003,2.0084918189333365],[45.29998,2.00849],[45.29985,2.00835],[45.29985217849333,2.0083336612999982],[45.291665765500035,2.0083336612999982]]]}},{"id":"211182","type":"Feature","properties":{"population":19540.53125,"year":2015},"geometry":{"type":"Polygon","coordinates":[[[45.291665765500035,2.0166669945999995],[45.291665765500035,2.0083336612999982],[45.283332432200034,2.0083336612999982],[45.283332432200034,2.0105112402298286],[45.28804007336619,2.0166669945999995],[45.291665765500035,2.0166669945999995]]]}},{"id":"211184","type":"Feature","properties":{"population":4471.93115234375,"year":2015},"geometry":{"type":"Polygon","coordinates":[[[45.29999909880003,2.0166669945999995],[45.30833243210003,2.0166669945999995],[45.30833243210003,2.0114030090533292],[45.30813,2.01143],[45.3077,2.0114],[45.3076,2.01134],[45.30738,2.01105],[45.30716,2.01089],[45.30684,2.01077],[45.30653,2.01058],[45.30643,2.0104],[45.30633,2.01015],[45.30608,2.01009],[45.30597,2.01016],[45.30594,2.01034],[45.30598,2.01052],[45.3061,2.01066],[45.30632,2.01088],[45.30663,2.01107],[45.30645,2.01135],[45.30616,2.01157],[45.30558,2.01174],[45.30517,2.01178],[45.3046,2.01175],[45.30402,2.01163],[45.30347,2.0114],[45.30294,2.0112],[45.30271,2.01092],[45.30254,2.01056],[45.30225,2.01031],[45.302,2.01002],[45.30191,2.00945],[45.30202,2.00931],[45.30217,2.00913],[45.30216,2.00898],[45.30196,2.00896],[45.30178,2.00879],[45.30166,2.00887],[45.30146,2.00876],[45.30131,2.0088],[45.30118,2.00867],[45.30083,2.00855],[45.30019,2.00851],[45.29999909880003,2.0084918189333365],[45.29999909880003,2.0166669945999995]]]}},{"id":"211185","type":"Feature","properties":{"population":2575.81982421875,"year":2015},"geometry":{"type":"Polygon","coordinates":[[[45.30833243210003,2.0166669945999995],[45.31666576540003,2.0166669945999995],[45.31666576540003,2.01571],[45.31655,2.01571],[45.3164,2.0156],[45.31639,2.01543],[45.31603,2.01518],[45.31576,2.01493],[45.31566,2.01463],[45.31552,2.01453],[45.31525,2.01449],[45.3149,2.01431],[45.31456,2.0143],[45.3143,2.01443],[45.31415,2.01464],[45.31406,2.01486],[45.31371,2.01481],[45.31342,2.0147],[45.31335,2.01454],[45.31297,2.01412],[45.31275,2.01384],[45.31251,2.01365],[45.31216,2.01342],[45.31189,2.01324],[45.3117,2.01319],[45.31149,2.01324],[45.31123,2.01315],[45.31103,2.01298],[45.31065,2.01288],[45.31025,2.01267],[45.31007,2.01243],[45.30974,2.01219],[45.30949,2.01184],[45.30927,2.01172],[45.30901,2.01174],[45.30886,2.01166],[45.30867,2.01146],[45.30843,2.01139],[45.30833243210003,2.0114030090533292],[45.30833243210003,2.0166669945999995]]]}},{"id":"211043","type":"Feature","properties":{"population":16675.08984375,"year":2015},"geometry":{"type":"Polygon","coordinates":[[[45.29999909880003,2.0166669945999995],[45.29999909880003,2.025000327899999],[45.30833243210003,2.025000327899999],[45.30833243210003,2.0166669945999995],[45.29999909880003,2.0166669945999995]]]}},{"id":"211042","type":"Feature","properties":{"population":21203.439453125,"year":2015},"geometry":{"type":"Polygon","coordinates":[[[45.29999909880003,2.025000327899999],[45.29999909880003,2.0166669945999995],[45.291665765500035,2.0166669945999995],[45.291665765500035,2.021407982583167],[45.29441302792794,2.025000327899999],[45.29999909880003,2.025000327899999]]]}},{"id":"211041","type":"Feature","properties":{"population":21392.759765625,"year":2015},"geometry":{"type":"Polygon","coordinates":[[[45.291665765500035,2.0166669945999995],[45.28804007336619,2.0166669945999995],[45.291665765500035,2.021407982583167],[45.291665765500035,2.0166669945999995]]]}},{"id":"211044","type":"Feature","properties":{"population":9428.525390625,"year":2015},"geometry":{"type":"Polygon","coordinates":[[[45.30833243210003,2.0166669945999995],[45.30833243210003,2.025000327899999],[45.31666576540003,2.025000327899999],[45.31666576540003,2.0166669945999995],[45.30833243210003,2.0166669945999995]]]}},{"id":"211181","type":"Feature","properties":{"population":20950.427734375,"year":2015},"geometry":{"type":"Polygon","coordinates":[[[45.283332432200034,2.0083336612999982],[45.28166711880444,2.0083336612999982],[45.283332432200034,2.0105112402298286],[45.283332432200034,2.0083336612999982]]]}},{"id":"211186","type":"Feature","properties":{"population":41.5921630859375,"year":2015},"geometry":{"type":"Polygon","coordinates":[[[45.31666576540003,2.0166669945999995],[45.318629292847056,2.0166669945999995],[45.31855,2.01633],[45.31832,2.01621],[45.31789,2.01615],[45.31776,2.01604],[45.31756,2.01596],[45.31733,2.016],[45.31713,2.016],[45.31685,2.01589],[45.31669,2.01571],[45.31666576540003,2.01571],[45.31666576540003,2.0166669945999995]]]}},{"id":"211045","type":"Feature","properties":{"population":12378.9150390625,"year":2015},"geometry":{"type":"Polygon","coordinates":[[[45.31666576540003,2.0166669945999995],[45.31666576540003,2.025000327899999],[45.32499909870003,2.025000327899999],[45.32499909870003,2.0195131831166724],[45.32498,2.01951],[45.32487,2.0194],[45.32461,2.01943],[45.32455,2.01945],[45.32452,2.0194],[45.32458,2.01934],[45.32454,2.01928],[45.32438,2.0192],[45.3241,2.01917],[45.32401,2.01905],[45.32391,2.01901],[45.3238,2.0191],[45.32371,2.01904],[45.32363,2.01882],[45.32321,2.01871],[45.32296,2.01876],[45.32267,2.01872],[45.32258,2.01853],[45.32244,2.01846],[45.32218,2.01844],[45.32197,2.01837],[45.32187,2.01836],[45.32175,2.01843],[45.32148,2.01846],[45.32128,2.0184],[45.32076,2.01797],[45.3207,2.01783],[45.32055,2.01775],[45.32052,2.01761],[45.32027,2.01735],[45.31995,2.01726],[45.31973,2.01726],[45.31959,2.01736],[45.31952,2.01737],[45.31887,2.01703],[45.31884,2.0169],[45.31877,2.01674],[45.31863,2.01667],[45.318629292847056,2.0166669945999995],[45.31666576540003,2.0166669945999995]]]}},{"id":"211046","type":"Feature","properties":{"population":7296.259765625,"year":2015},"geometry":{"type":"Polygon","coordinates":[[[45.32499909870003,2.025000327899999],[45.333332432000034,2.025000327899999],[45.333332432000034,2.0224615896470723],[45.33328,2.02244],[45.33311,2.02229],[45.33292,2.02215],[45.3329,2.02209],[45.33277,2.02202],[45.33272,2.02193],[45.3325,2.02185],[45.33231,2.02182],[45.33225,2.02185],[45.33216,2.02208],[45.33206,2.02209],[45.33193,2.02204],[45.3318,2.02196],[45.33155,2.02186],[45.33141,2.02187],[45.33125,2.02173],[45.33128,2.02165],[45.33118,2.02162],[45.33107,2.02153],[45.33068,2.02131],[45.33049,2.02116],[45.32984,2.02074],[45.32915,2.02045],[45.32876,2.02053],[45.32838,2.02068],[45.32792,2.02062],[45.32782,2.02053],[45.32769,2.02048],[45.32753,2.0206],[45.32744,2.02057],[45.32743,2.02046],[45.32718,2.02046],[45.32688,2.02027],[45.32671,2.02011],[45.32643,2.01994],[45.32635,2.01999],[45.32594,2.01987],[45.32572,2.01973],[45.32565,2.01951],[45.32554,2.01948],[45.32525,2.01954],[45.3251,2.01947],[45.32504,2.01952],[45.32499909870003,2.0195131831166724],[45.32499909870003,2.025000327899999]]]}},{"id":"211047","type":"Feature","properties":{"population":1406.081298828125,"year":2015},"geometry":{"type":"Polygon","coordinates":[[[45.341665765300036,2.0244440064421214],[45.33997,2.02373],[45.33616,2.02221],[45.33565,2.02208],[45.33543,2.02211],[45.33524,2.02218],[45.33493,2.02239],[45.33432,2.02283],[45.33402,2.02285],[45.33389,2.02278],[45.33375,2.0228],[45.3336,2.02272],[45.33345,2.02251],[45.333332432000034,2.0224615896470723],[45.333332432000034,2.025000327899999],[45.33548082218341,2.025000327899999],[45.33475,2.02443],[45.33562,2.02331],[45.3378,2.02418],[45.3389,2.02462],[45.3398413115525,2.025000327899999],[45.339897377037495,2.025000327899999],[45.33995,2.02486],[45.3401,2.0248],[45.34036,2.02417],[45.34151,2.02463],[45.34159,2.02464],[45.341665765300036,2.0246021173499824],[45.341665765300036,2.0244440064421214]]]}},{"id":"210871","type":"Feature","properties":{"population":1105.6519775390625,"year":2015},"geometry":{"type":"Polygon","coordinates":[[[45.341665765300036,2.0333336611999986],[45.343800910746666,2.0333336611999986],[45.34379,2.03317],[45.34385,2.03306],[45.34399,2.03307],[45.34411,2.03301],[45.34436,2.03308],[45.34443,2.03307],[45.34437,2.03294],[45.34419,2.03287],[45.34403,2.03276],[45.34396,2.0326],[45.34397,2.03244],[45.34408,2.03233],[45.34411,2.03223],[45.34396,2.0321],[45.34364,2.03192],[45.34346,2.03182],[45.34333,2.0318],[45.3433,2.0317],[45.34336,2.0316],[45.34349,2.03159],[45.34371,2.03143],[45.3437,2.03135],[45.34359,2.03132],[45.34353,2.03123],[45.34346,2.03115],[45.34334,2.03113],[45.34327,2.03102],[45.34325,2.03082],[45.3431,2.03079],[45.34273,2.03064],[45.34261,2.03069],[45.3427,2.03079],[45.34281,2.03079],[45.3431,2.03095],[45.34315,2.03107],[45.34312,2.03115],[45.34304,2.03121],[45.34282,2.03114],[45.34278,2.03106],[45.34271,2.03097],[45.3426,2.03094],[45.34228,2.03104],[45.34221,2.03113],[45.34175,2.03115],[45.341665765300036,2.0311829614043333],[45.341665765300036,2.0333336611999986]]]}},{"id":"210869","type":"Feature","properties":{"population":20734.89453125,"year":2015},"geometry":{"type":"Polygon","coordinates":[[[45.32499909870003,2.025000327899999],[45.32499909870003,2.0333336611999986],[45.333332432000034,2.0333336611999986],[45.333332432000034,2.025000327899999],[45.32499909870003,2.025000327899999]]]}},{"id":"210870","type":"Feature","properties":{"population":13830.466796875,"year":2015},"geometry":{"type":"MultiPolygon","coordinates":[[[[45.333332432000034,2.025000327899999],[45.333332432000034,2.0333336611999986],[45.341665765300036,2.0333336611999986],[45.341665765300036,2.0311829614043333],[45.34152,2.03124],[45.34137,2.03121],[45.34123,2.03107],[45.34135,2.03094],[45.34139,2.03084],[45.34103,2.0306],[45.34082,2.03055],[45.34052,2.03028],[45.34052,2.02999],[45.34077,2.02974],[45.3407,2.02967],[45.34057,2.0296],[45.34047,2.0296],[45.34035,2.02958],[45.34026,2.02948],[45.33998,2.02936],[45.3399,2.02936],[45.33983,2.02932],[45.33982,2.02925],[45.33968,2.02906],[45.33958,2.02909],[45.3395,2.02903],[45.33935,2.02906],[45.33929,2.02905],[45.3392,2.02911],[45.33913,2.02907],[45.33908,2.02889],[45.33907,2.0288],[45.339,2.02875],[45.33891,2.02875],[45.33888,2.02863],[45.33891,2.0285],[45.3388,2.02843],[45.33869,2.02842],[45.33865,2.0285],[45.33855,2.02854],[45.33845,2.02854],[45.33839,2.02844],[45.33827,2.02839],[45.3382,2.02828],[45.33812,2.02825],[45.33806,2.0281],[45.33796,2.02802],[45.33784,2.02792],[45.33784,2.02786],[45.33769,2.02782],[45.33763,2.0279],[45.33755,2.02783],[45.3374,2.02763],[45.33725,2.02744],[45.33714,2.0271],[45.33699,2.0269],[45.3373,2.02642],[45.33548082218341,2.025000327899999],[45.333332432000034,2.025000327899999]]],[[[45.3398413115525,2.025000327899999],[45.33989,2.02502],[45.339897377037495,2.025000327899999],[45.3398413115525,2.025000327899999]]]]}},{"id":"210709","type":"Feature","properties":{"population":16327.52734375,"year":2015},"geometry":{"type":"Polygon","coordinates":[[[45.341665765300036,2.0333336611999986],[45.341665765300036,2.041666994499998],[45.34999909860003,2.041666994499998],[45.34999909860003,2.0356543943666683],[45.34992,2.03565],[45.34577,2.03495],[45.34494,2.03473],[45.34425,2.0343],[45.34397,2.03402],[45.34383,2.03377],[45.343800910746666,2.0333336611999986],[45.341665765300036,2.0333336611999986]]]}},{"id":"210708","type":"Feature","properties":{"population":21049.287109375,"year":2015},"geometry":{"type":"Polygon","coordinates":[[[45.333332432000034,2.0333336611999986],[45.333332432000034,2.041666994499998],[45.341665765300036,2.041666994499998],[45.341665765300036,2.0333336611999986],[45.333332432000034,2.0333336611999986]]]}},{"id":"210707","type":"Feature","properties":{"population":21068.333984375,"year":2015},"geometry":{"type":"Polygon","coordinates":[[[45.32499909870003,2.0333336611999986],[45.32499909870003,2.041666994499998],[45.333332432000034,2.041666994499998],[45.333332432000034,2.0333336611999986],[45.32499909870003,2.0333336611999986]]]}},{"id":"210865","type":"Feature","properties":{"population":20452.013671875,"year":2015},"geometry":{"type":"Polygon","coordinates":[[[45.29999909880003,2.025000327899999],[45.29441302792794,2.025000327899999],[45.29699,2.02837],[45.29736,2.02885],[45.29732,2.0288],[45.29999909880003,2.0323035258368973],[45.29999909880003,2.025000327899999]]]}},{"id":"210866","type":"Feature","properties":{"population":21645.646484375,"year":2015},"geometry":{"type":"Polygon","coordinates":[[[45.30833243210003,2.0333336611999986],[45.30833243210003,2.025000327899999],[45.29999909880003,2.025000327899999],[45.29999909880003,2.0323035258368973],[45.30078682937307,2.0333336611999986],[45.30833243210003,2.0333336611999986]]]}},{"id":"210868","type":"Feature","properties":{"population":21104.953125,"year":2015},"geometry":{"type":"Polygon","coordinates":[[[45.31666576540003,2.025000327899999],[45.31666576540003,2.0333336611999986],[45.32499909870003,2.0333336611999986],[45.32499909870003,2.025000327899999],[45.31666576540003,2.025000327899999]]]}},{"id":"210867","type":"Feature","properties":{"population":18895.62890625,"year":2015},"geometry":{"type":"Polygon","coordinates":[[[45.30833243210003,2.025000327899999],[45.30833243210003,2.0333336611999986],[45.31666576540003,2.0333336611999986],[45.31666576540003,2.025000327899999],[45.30833243210003,2.025000327899999]]]}},{"id":"210704","type":"Feature","properties":{"population":22385.833984375,"year":2015},"geometry":{"type":"Polygon","coordinates":[[[45.30833243210003,2.041666994499998],[45.30833243210003,2.0333336611999986],[45.30078682937307,2.0333336611999986],[45.3071592165863,2.041666994499998],[45.30833243210003,2.041666994499998]]]}},{"id":"210705","type":"Feature","properties":{"population":22028.71484375,"year":2015},"geometry":{"type":"Polygon","coordinates":[[[45.30833243210003,2.0333336611999986],[45.30833243210003,2.041666994499998],[45.31666576540003,2.041666994499998],[45.31666576540003,2.0333336611999986],[45.30833243210003,2.0333336611999986]]]}},{"id":"210706","type":"Feature","properties":{"population":21718.8046875,"year":2015},"geometry":{"type":"Polygon","coordinates":[[[45.31666576540003,2.0333336611999986],[45.31666576540003,2.041666994499998],[45.32499909870003,2.041666994499998],[45.32499909870003,2.0333336611999986],[45.31666576540003,2.0333336611999986]]]}},{"id":"210524","type":"Feature","properties":{"population":21431.5703125,"year":2015},"geometry":{"type":"Polygon","coordinates":[[[45.333332432000034,2.041666994499998],[45.333332432000034,2.0500003277999994],[45.341665765300036,2.0500003277999994],[45.341665765300036,2.041666994499998],[45.333332432000034,2.041666994499998]]]}},{"id":"210523","type":"Feature","properties":{"population":21833.685546875,"year":2015},"geometry":{"type":"Polygon","coordinates":[[[45.32499909870003,2.041666994499998],[45.32499909870003,2.0500003277999994],[45.333332432000034,2.0500003277999994],[45.333332432000034,2.041666994499998],[45.32499909870003,2.041666994499998]]]}},{"id":"210522","type":"Feature","properties":{"population":20513.263671875,"year":2015},"geometry":{"type":"Polygon","coordinates":[[[45.31666576540003,2.041666994499998],[45.31666576540003,2.0500003277999994],[45.32499909870003,2.0500003277999994],[45.32499909870003,2.041666994499998],[45.31666576540003,2.041666994499998]]]}},{"id":"210525","type":"Feature","properties":{"population":21528.109375,"year":2015},"geometry":{"type":"Polygon","coordinates":[[[45.341665765300036,2.041666994499998],[45.341665765300036,2.0500003277999994],[45.34999909860003,2.0500003277999994],[45.34999909860003,2.041666994499998],[45.341665765300036,2.041666994499998]]]}},{"id":"210316","type":"Feature","properties":{"population":21386.107421875,"year":2015},"geometry":{"type":"Polygon","coordinates":[[[45.333332432000034,2.0500003277999994],[45.333332432000034,2.058333661099999],[45.341665765300036,2.058333661099999],[45.341665765300036,2.0500003277999994],[45.333332432000034,2.0500003277999994]]]}},{"id":"210314","type":"Feature","properties":{"population":21295.640625,"year":2015},"geometry":{"type":"Polygon","coordinates":[[[45.32499909870003,2.058333661099999],[45.32499909870003,2.0500003277999994],[45.31666576540003,2.0500003277999994],[45.31666576540003,2.0540989508684064],[45.31990399101277,2.058333661099999],[45.32499909870003,2.058333661099999]]]}},{"id":"210315","type":"Feature","properties":{"population":21675.693359375,"year":2015},"geometry":{"type":"Polygon","coordinates":[[[45.32499909870003,2.0500003277999994],[45.32499909870003,2.058333661099999],[45.333332432000034,2.058333661099999],[45.333332432000034,2.0500003277999994],[45.32499909870003,2.0500003277999994]]]}},{"id":"210317","type":"Feature","properties":{"population":21718.88671875,"year":2015},"geometry":{"type":"Polygon","coordinates":[[[45.341665765300036,2.0500003277999994],[45.341665765300036,2.058333661099999],[45.34999909860003,2.058333661099999],[45.34999909860003,2.0500003277999994],[45.341665765300036,2.0500003277999994]]]}},{"id":"210135","type":"Feature","properties":{"population":20951.546875,"year":2015},"geometry":{"type":"Polygon","coordinates":[[[45.333332432000034,2.058333661099999],[45.333332432000034,2.0666669943999985],[45.341665765300036,2.0666669943999985],[45.341665765300036,2.058333661099999],[45.333332432000034,2.058333661099999]]]}},{"id":"210520","type":"Feature","properties":{"population":18820.462890625,"year":2015},"geometry":{"type":"Polygon","coordinates":[[[45.30833243210003,2.041666994499998],[45.3071592165863,2.041666994499998],[45.30833243210003,2.0432012383526517],[45.30833243210003,2.041666994499998]]]}},{"id":"210521","type":"Feature","properties":{"population":21694.953125,"year":2015},"geometry":{"type":"Polygon","coordinates":[[[45.31666576540003,2.0500003277999994],[45.31666576540003,2.041666994499998],[45.30833243210003,2.041666994499998],[45.30833243210003,2.0432012383526517],[45.31353160379954,2.0500003277999994],[45.31666576540003,2.0500003277999994]]]}},{"id":"210313","type":"Feature","properties":{"population":21050.07421875,"year":2015},"geometry":{"type":"Polygon","coordinates":[[[45.31666576540003,2.0500003277999994],[45.31353160379954,2.0500003277999994],[45.31666576540003,2.0540989508684064],[45.31666576540003,2.0500003277999994]]]}},{"id":"209758","type":"Feature","properties":{"population":17846.52734375,"year":2015},"geometry":{"type":"Polygon","coordinates":[[[45.341665765300036,2.075000327699998],[45.341665765300036,2.0833336609999993],[45.34999909860003,2.0833336609999993],[45.34999909860003,2.075000327699998],[45.341665765300036,2.075000327699998]]]}},{"id":"209756","type":"Feature","properties":{"population":15279.642578125,"year":2015},"geometry":{"type":"Polygon","coordinates":[[[45.333332432000034,2.075000327699998],[45.33264876543924,2.075000327699998],[45.333332432000034,2.075894375899916],[45.333332432000034,2.075000327699998]]]}},{"id":"209560","type":"Feature","properties":{"population":14141.2587890625,"year":2015},"geometry":{"type":"Polygon","coordinates":[[[45.341665765300036,2.0833336609999993],[45.33902115265248,2.0833336609999993],[45.341665765300036,2.0867920884156703],[45.341665765300036,2.0833336609999993]]]}},{"id":"209561","type":"Feature","properties":{"population":12851.5126953125,"year":2015},"geometry":{"type":"Polygon","coordinates":[[[45.34999909860003,2.091666994299999],[45.34999909860003,2.0833336609999993],[45.341665765300036,2.0833336609999993],[45.341665765300036,2.0867920884156703],[45.34539353986571,2.091666994299999],[45.34999909860003,2.091666994299999]]]}},{"id":"209356","type":"Feature","properties":{"population":1145.6912841796875,"year":2015},"geometry":{"type":"Polygon","coordinates":[[[45.34999909860003,2.091666994299999],[45.34539353986571,2.091666994299999],[45.34999909860003,2.0976898009314158],[45.34999909860003,2.091666994299999]]]}},{"id":"210872","type":"Feature","properties":{"population":46.18996810913086,"year":2015},"geometry":{"type":"Polygon","coordinates":[[[45.35577440941538,2.0333336611999986],[45.35574,2.03311],[45.35531,2.03271],[45.35484,2.03246],[45.35472,2.03261],[45.35473,2.03279],[45.35469,2.0331],[45.35463607818462,2.0333336611999986],[45.35577440941538,2.0333336611999986]]]}},{"id":"210710","type":"Feature","properties":{"population":12111.625,"year":2015},"geometry":{"type":"Polygon","coordinates":[[[45.34999909860003,2.041666994499998],[45.35833243190003,2.041666994499998],[45.35833243190003,2.0367131745760116],[45.35819,2.03666],[45.35702,2.03638],[45.35642,2.03619],[45.35587,2.03627],[45.35581,2.03577],[45.35585,2.03543],[45.35588,2.03488],[45.3558,2.0335],[45.35577440941538,2.0333336611999986],[45.35463607818462,2.0333336611999986],[45.35463,2.03336],[45.35456,2.03389],[45.3544,2.03433],[45.35422,2.0346],[45.35388,2.03476],[45.35364,2.03506],[45.35316,2.03554],[45.35277,2.03563],[45.35211,2.03575],[45.35173,2.03578],[45.35125,2.03576],[45.35048,2.03572],[45.35028,2.03567],[45.34999909860003,2.0356543943666683],[45.34999909860003,2.041666994499998]]]}},{"id":"210711","type":"Feature","properties":{"population":4319.283203125,"year":2015},"geometry":{"type":"Polygon","coordinates":[[[45.35833243190003,2.041666994499998],[45.3656969945,2.041666994499998],[45.36562,2.04159],[45.36537,2.04134],[45.36511,2.04121],[45.36464,2.04087],[45.36432,2.04061],[45.36408,2.0403],[45.36383,2.04018],[45.3638,2.04015],[45.36358,2.03987],[45.36318,2.03954],[45.36259,2.03903],[45.36229,2.03876],[45.36178,2.0385],[45.36152,2.03824],[45.3612,2.03819],[45.36072,2.03784],[45.36029,2.03755],[45.35957,2.03718],[45.35894,2.03694],[45.35833243190003,2.0367131745760116],[45.35833243190003,2.041666994499998]]]}},{"id":"210526","type":"Feature","properties":{"population":19746.193359375,"year":2015},"geometry":{"type":"Polygon","coordinates":[[[45.34999909860003,2.041666994499998],[45.34999909860003,2.0500003277999994],[45.35833243190003,2.0500003277999994],[45.35833243190003,2.041666994499998],[45.34999909860003,2.041666994499998]]]}},{"id":"210529","type":"Feature","properties":{"population":782.58544921875,"year":2015},"geometry":{"type":"MultiPolygon","coordinates":[[[[45.382813997446156,2.0500003277999994],[45.3828,2.04997],[45.38228,2.04984],[45.38151,2.04971],[45.38151,2.0500003277999994],[45.382813997446156,2.0500003277999994]]],[[[45.374999098500034,2.0500003277999994],[45.380964816946154,2.0500003277999994],[45.38049,2.04984],[45.37998,2.04958],[45.37982,2.04931],[45.37946,2.04859],[45.37911,2.04829],[45.37866,2.04805],[45.37793,2.04791],[45.37767,2.04778],[45.37716,2.04752],[45.37613,2.04726],[45.37562,2.04701],[45.37511,2.04675],[45.374999098500034,2.046712552740271],[45.374999098500034,2.0500003277999994]]]]}},{"id":"210527","type":"Feature","properties":{"population":17999.220703125,"year":2015},"geometry":{"type":"Polygon","coordinates":[[[45.35833243190003,2.041666994499998],[45.35833243190003,2.0500003277999994],[45.36666576520003,2.0500003277999994],[45.36666576520003,2.042250586180408],[45.36639,2.04211],[45.36588,2.04185],[45.3656969945,2.041666994499998],[45.35833243190003,2.041666994499998]]]}},{"id":"210528","type":"Feature","properties":{"population":7405.294921875,"year":2015},"geometry":{"type":"Polygon","coordinates":[[[45.36666576520003,2.0500003277999994],[45.374999098500034,2.0500003277999994],[45.374999098500034,2.046712552740271],[45.37434,2.04649],[45.37357,2.04623],[45.37306,2.04597],[45.37239,2.04572],[45.37152,2.0452],[45.37126,2.04494],[45.36998,2.04417],[45.36947,2.04391],[45.36895,2.04366],[45.3678,2.04301],[45.36754,2.04275],[45.3669,2.04237],[45.36666576520003,2.042250586180408],[45.36666576520003,2.0500003277999994]]]}},{"id":"210318","type":"Feature","properties":{"population":21395.453125,"year":2015},"geometry":{"type":"Polygon","coordinates":[[[45.34999909860003,2.0500003277999994],[45.34999909860003,2.058333661099999],[45.35833243190003,2.058333661099999],[45.35833243190003,2.0500003277999994],[45.34999909860003,2.0500003277999994]]]}},{"id":"210319","type":"Feature","properties":{"population":20486.171875,"year":2015},"geometry":{"type":"Polygon","coordinates":[[[45.35833243190003,2.0500003277999994],[45.35833243190003,2.058333661099999],[45.36666576520003,2.058333661099999],[45.36666576520003,2.0500003277999994],[45.35833243190003,2.0500003277999994]]]}},{"id":"210321","type":"Feature","properties":{"population":13224.6640625,"year":2015},"geometry":{"type":"Polygon","coordinates":[[[45.374999098500034,2.0500003277999994],[45.374999098500034,2.058333661099999],[45.383332431800035,2.058333661099999],[45.383332431800035,2.0508834223984564],[45.38305,2.05074],[45.38298,2.05046],[45.38292,2.05023],[45.382813997446156,2.0500003277999994],[45.38151,2.0500003277999994],[45.38151,2.05023],[45.38126,2.0501],[45.380964816946154,2.0500003277999994],[45.374999098500034,2.0500003277999994]]]}},{"id":"210324","type":"Feature","properties":{"population":6.952516078948975,"year":2015},"geometry":{"type":"Polygon","coordinates":[[[45.39999909840003,2.058333661099999],[45.400589729592504,2.058333661099999],[45.4007,2.0582],[45.40098,2.05806],[45.40074,2.0577],[45.40022,2.05757],[45.39999909840003,2.05757],[45.39999909840003,2.058333661099999]]]}},{"id":"210322","type":"Feature","properties":{"population":5040.18017578125,"year":2015},"geometry":{"type":"Polygon","coordinates":[[[45.383332431800035,2.058333661099999],[45.39166576510003,2.058333661099999],[45.39166576510003,2.053221639785944],[45.39151,2.05319],[45.391,2.05306],[45.39112,2.05229],[45.39108,2.0518],[45.39048,2.05164],[45.38972,2.05164],[45.38895,2.0519],[45.38869,2.0519],[45.38818,2.0519],[45.38792,2.05203],[45.38792,2.05255],[45.38741,2.05242],[45.38715,2.05242],[45.3869,2.05242],[45.38613,2.05216],[45.38562,2.0519],[45.3851,2.05164],[45.38433,2.05139],[45.383332431800035,2.0508834223984564],[45.383332431800035,2.058333661099999]]]}},{"id":"210323","type":"Feature","properties":{"population":93.64151000976562,"year":2015},"geometry":{"type":"Polygon","coordinates":[[[45.39166576510003,2.058333661099999],[45.39999909840003,2.058333661099999],[45.39999909840003,2.05757],[45.39997,2.05757],[45.39971,2.05757],[45.39946,2.05731],[45.3992,2.05706],[45.39894,2.0568],[45.39817,2.0568],[45.39792,2.0568],[45.39741,2.05654],[45.39664,2.05628],[45.39612,2.05603],[45.39587,2.05577],[45.39561,2.05551],[45.39535,2.05525],[45.3951,2.05499],[45.39484,2.05474],[45.39407,2.05448],[45.39382,2.05422],[45.3933,2.05396],[45.39305,2.05371],[45.39279,2.05345],[45.39166576510003,2.053221639785944],[45.39166576510003,2.058333661099999]]]}},{"id":"210142","type":"Feature","properties":{"population":1369.7869873046875,"year":2015},"geometry":{"type":"Polygon","coordinates":[[[45.39166576510003,2.058333661099999],[45.39166576510003,2.0666669943999985],[45.39999909840003,2.0666669943999985],[45.39999909840003,2.058333661099999],[45.39166576510003,2.058333661099999]]]}},{"id":"210141","type":"Feature","properties":{"population":12288.7236328125,"year":2015},"geometry":{"type":"Polygon","coordinates":[[[45.383332431800035,2.058333661099999],[45.383332431800035,2.0666669943999985],[45.39166576510003,2.0666669943999985],[45.39166576510003,2.058333661099999],[45.383332431800035,2.058333661099999]]]}},{"id":"210143","type":"Feature","properties":{"population":895.3187255859375,"year":2015},"geometry":{"type":"Polygon","coordinates":[[[45.39999909840003,2.058333661099999],[45.39999909840003,2.0666669943999985],[45.40833243170003,2.0666669943999985],[45.40833243170003,2.063964863400061],[45.40827,2.06384],[45.40763,2.06355],[45.40758,2.06332],[45.40764,2.06311],[45.40752,2.06288],[45.4073,2.06301],[45.40719,2.0627],[45.40693,2.06271],[45.40674,2.06255],[45.40689,2.06226],[45.40615,2.06204],[45.40599,2.06217],[45.40527,2.06195],[45.4053,2.06186],[45.40514,2.06175],[45.40497,2.06178],[45.40485,2.06167],[45.4048,2.06131],[45.40461,2.06109],[45.4036,2.06106],[45.40343,2.06115],[45.40304,2.06092],[45.40274,2.06102],[45.40261,2.06095],[45.40248,2.06075],[45.40221,2.06053],[45.40179,2.06032],[45.40125,2.06002],[45.4011,2.0597],[45.40074,2.05951],[45.40051,2.05937],[45.40034,2.05891],[45.40037,2.0586],[45.400589729592504,2.058333661099999],[45.39999909840003,2.058333661099999]]]}},{"id":"209952","type":"Feature","properties":{"population":4682.515625,"year":2015},"geometry":{"type":"Polygon","coordinates":[[[45.39999909840003,2.0666669943999985],[45.39999909840003,2.075000327699998],[45.40833243170003,2.075000327699998],[45.40833243170003,2.0666669943999985],[45.39999909840003,2.0666669943999985]]]}},{"id":"209950","type":"Feature","properties":{"population":7570.15380859375,"year":2015},"geometry":{"type":"Polygon","coordinates":[[[45.383332431800035,2.0666669943999985],[45.383332431800035,2.075000327699998],[45.39166576510003,2.075000327699998],[45.39166576510003,2.0666669943999985],[45.383332431800035,2.0666669943999985]]]}},{"id":"209951","type":"Feature","properties":{"population":8932.0546875,"year":2015},"geometry":{"type":"Polygon","coordinates":[[[45.39166576510003,2.0666669943999985],[45.39166576510003,2.075000327699998],[45.39999909840003,2.075000327699998],[45.39999909840003,2.0666669943999985],[45.39166576510003,2.0666669943999985]]]}},{"id":"209765","type":"Feature","properties":{"population":10482.2265625,"year":2015},"geometry":{"type":"Polygon","coordinates":[[[45.39999909840003,2.075000327699998],[45.39999909840003,2.0833336609999993],[45.40833243170003,2.0833336609999993],[45.40833243170003,2.075000327699998],[45.39999909840003,2.075000327699998]]]}},{"id":"210320","type":"Feature","properties":{"population":20162.5390625,"year":2015},"geometry":{"type":"Polygon","coordinates":[[[45.36666576520003,2.0500003277999994],[45.36666576520003,2.058333661099999],[45.374999098500034,2.058333661099999],[45.374999098500034,2.0500003277999994],[45.36666576520003,2.0500003277999994]]]}},{"id":"210139","type":"Feature","properties":{"population":19710.638671875,"year":2015},"geometry":{"type":"Polygon","coordinates":[[[45.36666576520003,2.058333661099999],[45.36666576520003,2.0666669943999985],[45.374999098500034,2.0666669943999985],[45.374999098500034,2.058333661099999],[45.36666576520003,2.058333661099999]]]}},{"id":"210137","type":"Feature","properties":{"population":21526.1015625,"year":2015},"geometry":{"type":"Polygon","coordinates":[[[45.34999909860003,2.058333661099999],[45.34999909860003,2.0666669943999985],[45.35833243190003,2.0666669943999985],[45.35833243190003,2.058333661099999],[45.34999909860003,2.058333661099999]]]}},{"id":"210140","type":"Feature","properties":{"population":19052.62890625,"year":2015},"geometry":{"type":"Polygon","coordinates":[[[45.374999098500034,2.058333661099999],[45.374999098500034,2.0666669943999985],[45.383332431800035,2.0666669943999985],[45.383332431800035,2.058333661099999],[45.374999098500034,2.058333661099999]]]}},{"id":"210138","type":"Feature","properties":{"population":20871.552734375,"year":2015},"geometry":{"type":"Polygon","coordinates":[[[45.35833243190003,2.058333661099999],[45.35833243190003,2.0666669943999985],[45.36666576520003,2.0666669943999985],[45.36666576520003,2.058333661099999],[45.35833243190003,2.058333661099999]]]}},{"id":"209949","type":"Feature","properties":{"population":14030.052734375,"year":2015},"geometry":{"type":"Polygon","coordinates":[[[45.374999098500034,2.0666669943999985],[45.374999098500034,2.075000327699998],[45.383332431800035,2.075000327699998],[45.383332431800035,2.0666669943999985],[45.374999098500034,2.0666669943999985]]]}},{"id":"209947","type":"Feature","properties":{"population":19311.1484375,"year":2015},"geometry":{"type":"Polygon","coordinates":[[[45.35833243190003,2.0666669943999985],[45.35833243190003,2.075000327699998],[45.36666576520003,2.075000327699998],[45.36666576520003,2.0666669943999985],[45.35833243190003,2.0666669943999985]]]}},{"id":"209948","type":"Feature","properties":{"population":16306.3701171875,"year":2015},"geometry":{"type":"Polygon","coordinates":[[[45.36666576520003,2.0666669943999985],[45.36666576520003,2.075000327699998],[45.374999098500034,2.075000327699998],[45.374999098500034,2.0666669943999985],[45.36666576520003,2.0666669943999985]]]}},{"id":"209760","type":"Feature","properties":{"population":19682.505859375,"year":2015},"geometry":{"type":"Polygon","coordinates":[[[45.35833243190003,2.075000327699998],[45.35833243190003,2.0833336609999993],[45.36666576520003,2.0833336609999993],[45.36666576520003,2.075000327699998],[45.35833243190003,2.075000327699998]]]}},{"id":"209761","type":"Feature","properties":{"population":18979.734375,"year":2015},"geometry":{"type":"Polygon","coordinates":[[[45.36666576520003,2.075000327699998],[45.36666576520003,2.0833336609999993],[45.374999098500034,2.0833336609999993],[45.374999098500034,2.075000327699998],[45.36666576520003,2.075000327699998]]]}},{"id":"210134","type":"Feature","properties":{"population":21177.2265625,"year":2015},"geometry":{"type":"Polygon","coordinates":[[[45.333332432000034,2.0666669943999985],[45.333332432000034,2.058333661099999],[45.32499909870003,2.058333661099999],[45.32499909870003,2.064996663384161],[45.326276378226005,2.0666669943999985],[45.333332432000034,2.0666669943999985]]]}},{"id":"210133","type":"Feature","properties":{"population":20787.12109375,"year":2015},"geometry":{"type":"Polygon","coordinates":[[[45.32499909870003,2.058333661099999],[45.31990399101277,2.058333661099999],[45.32499909870003,2.064996663384161],[45.32499909870003,2.058333661099999]]]}},{"id":"210136","type":"Feature","properties":{"population":21579.365234375,"year":2015},"geometry":{"type":"Polygon","coordinates":[[[45.341665765300036,2.058333661099999],[45.341665765300036,2.0666669943999985],[45.34999909860003,2.0666669943999985],[45.34999909860003,2.058333661099999],[45.341665765300036,2.058333661099999]]]}},{"id":"209943","type":"Feature","properties":{"population":17543.005859375,"year":2015},"geometry":{"type":"Polygon","coordinates":[[[45.333332432000034,2.075000327699998],[45.333332432000034,2.0666669943999985],[45.326276378226005,2.0666669943999985],[45.33264876543924,2.075000327699998],[45.333332432000034,2.075000327699998]]]}},{"id":"209946","type":"Feature","properties":{"population":20699.958984375,"year":2015},"geometry":{"type":"Polygon","coordinates":[[[45.34999909860003,2.0666669943999985],[45.34999909860003,2.075000327699998],[45.35833243190003,2.075000327699998],[45.35833243190003,2.0666669943999985],[45.34999909860003,2.0666669943999985]]]}},{"id":"209945","type":"Feature","properties":{"population":21007.94921875,"year":2015},"geometry":{"type":"Polygon","coordinates":[[[45.341665765300036,2.0666669943999985],[45.341665765300036,2.075000327699998],[45.34999909860003,2.075000327699998],[45.34999909860003,2.0666669943999985],[45.341665765300036,2.0666669943999985]]]}},{"id":"209944","type":"Feature","properties":{"population":19053.513671875,"year":2015},"geometry":{"type":"Polygon","coordinates":[[[45.333332432000034,2.0666669943999985],[45.333332432000034,2.075000327699998],[45.341665765300036,2.075000327699998],[45.341665765300036,2.0666669943999985],[45.333332432000034,2.0666669943999985]]]}},{"id":"209757","type":"Feature","properties":{"population":17271.55859375,"year":2015},"geometry":{"type":"Polygon","coordinates":[[[45.341665765300036,2.0833336609999993],[45.341665765300036,2.075000327699998],[45.333332432000034,2.075000327699998],[45.333332432000034,2.075894375899916],[45.33902115265248,2.0833336609999993],[45.341665765300036,2.0833336609999993]]]}},{"id":"210144","type":"Feature","properties":{"population":180.13412475585938,"year":2015},"geometry":{"type":"Polygon","coordinates":[[[45.40833243170003,2.0666669943999985],[45.412218570836366,2.0666669943999985],[45.41194,2.06635],[45.4117,2.06591],[45.41114,2.06565],[45.41018,2.06491],[45.40944,2.06454],[45.40838,2.06406],[45.40833243170003,2.063964863400061],[45.40833243170003,2.0666669943999985]]]}},{"id":"209953","type":"Feature","properties":{"population":697.21533203125,"year":2015},"geometry":{"type":"Polygon","coordinates":[[[45.40833243170003,2.0666669943999985],[45.40833243170003,2.075000327699998],[45.41666576500003,2.075000327699998],[45.41666576500003,2.069961981578965],[45.41632,2.06978],[45.41565,2.06931],[45.41495,2.06882],[45.414,2.06826],[45.41314,2.06763],[45.41252,2.06701],[45.412218570836366,2.0666669943999985],[45.40833243170003,2.0666669943999985]]]}},{"id":"209954","type":"Feature","properties":{"population":185.31727600097656,"year":2015},"geometry":{"type":"Polygon","coordinates":[[[45.41666576500003,2.075000327699998],[45.42238574222714,2.075000327699998],[45.42206,2.07466],[45.42162,2.07441],[45.42134,2.07409],[45.42069,2.0735],[45.41986,2.07267],[45.41919,2.07188],[45.41862,2.07142],[45.41852,2.07108],[45.41821,2.07082],[45.41727,2.07028],[45.41666576500003,2.069961981578965],[45.41666576500003,2.075000327699998]]]}},{"id":"209766","type":"Feature","properties":{"population":11130.21875,"year":2015},"geometry":{"type":"Polygon","coordinates":[[[45.40833243170003,2.075000327699998],[45.40833243170003,2.0833336609999993],[45.41666576500003,2.0833336609999993],[45.41666576500003,2.075000327699998],[45.40833243170003,2.075000327699998]]]}},{"id":"209767","type":"Feature","properties":{"population":4156.66552734375,"year":2015},"geometry":{"type":"Polygon","coordinates":[[[45.41666576500003,2.075000327699998],[45.41666576500003,2.0833336609999993],[45.424999098300034,2.0833336609999993],[45.424999098300034,2.076932592003783],[45.4248,2.07688],[45.42406,2.07639],[45.42349,2.07596],[45.42273,2.07536],[45.42238574222714,2.075000327699998],[45.41666576500003,2.075000327699998]]]}},{"id":"209768","type":"Feature","properties":{"population":42.25478744506836,"year":2015},"geometry":{"type":"Polygon","coordinates":[[[45.424999098300034,2.0833336609999993],[45.433332431600036,2.0833336609999993],[45.433332431600036,2.082509861451174],[45.43321,2.08247],[45.43266,2.08186],[45.43193,2.0811],[45.43142,2.08066],[45.43082,2.08015],[45.43047,2.07974],[45.43021,2.07963],[45.42988,2.07924],[45.42868,2.07845],[45.42791,2.07793],[45.4272,2.0775],[45.42586,2.07716],[45.424999098300034,2.076932592003783],[45.424999098300034,2.0833336609999993]]]}},{"id":"209572","type":"Feature","properties":{"population":18.579294204711914,"year":2015},"geometry":{"type":"Polygon","coordinates":[[[45.433332431600036,2.0833336609999993],[45.433332431600036,2.091666994299999],[45.44166576490003,2.091666994299999],[45.44166576490003,2.087038221688352],[45.44102,2.08664],[45.44018,2.08631],[45.43977,2.08593],[45.43873,2.08532],[45.4378,2.08488],[45.4368,2.08427],[45.43591,2.08368],[45.435316276,2.0833336609999993],[45.433332431600036,2.0833336609999993]]]}},{"id":"209573","type":"Feature","properties":{"population":0.5837376713752747,"year":2015},"geometry":{"type":"Polygon","coordinates":[[[45.44166576490003,2.091666994299999],[45.449537473535706,2.091666994299999],[45.44918,2.09159],[45.44867,2.09133],[45.44841,2.09108],[45.44773,2.09074],[45.44714,2.0907],[45.44665,2.09049],[45.44599,2.09],[45.44517,2.08927],[45.44457,2.08882],[45.44388,2.0882],[45.44298,2.08773],[45.44222,2.08738],[45.44166576490003,2.087038221688352],[45.44166576490003,2.091666994299999]]]}},{"id":"209569","type":"Feature","properties":{"population":2952.98876953125,"year":2015},"geometry":{"type":"Polygon","coordinates":[[[45.40833243170003,2.0833336609999993],[45.40833243170003,2.091666994299999],[45.41666576500003,2.091666994299999],[45.41666576500003,2.0833336609999993],[45.40833243170003,2.0833336609999993]]]}},{"id":"209570","type":"Feature","properties":{"population":2468.60791015625,"year":2015},"geometry":{"type":"Polygon","coordinates":[[[45.41666576500003,2.0833336609999993],[45.41666576500003,2.091666994299999],[45.424999098300034,2.091666994299999],[45.424999098300034,2.0833336609999993],[45.41666576500003,2.0833336609999993]]]}},{"id":"209759","type":"Feature","properties":{"population":19279.4765625,"year":2015},"geometry":{"type":"Polygon","coordinates":[[[45.34999909860003,2.075000327699998],[45.34999909860003,2.0833336609999993],[45.35833243190003,2.0833336609999993],[45.35833243190003,2.075000327699998],[45.34999909860003,2.075000327699998]]]}},{"id":"209762","type":"Feature","properties":{"population":14857.322265625,"year":2015},"geometry":{"type":"Polygon","coordinates":[[[45.374999098500034,2.075000327699998],[45.374999098500034,2.0833336609999993],[45.383332431800035,2.0833336609999993],[45.383332431800035,2.075000327699998],[45.374999098500034,2.075000327699998]]]}},{"id":"209564","type":"Feature","properties":{"population":19222.513671875,"year":2015},"geometry":{"type":"Polygon","coordinates":[[[45.36666576520003,2.0833336609999993],[45.36666576520003,2.091666994299999],[45.374999098500034,2.091666994299999],[45.374999098500034,2.0833336609999993],[45.36666576520003,2.0833336609999993]]]}},{"id":"209566","type":"Feature","properties":{"population":12064.431640625,"year":2015},"geometry":{"type":"Polygon","coordinates":[[[45.383332431800035,2.0833336609999993],[45.383332431800035,2.091666994299999],[45.39166576510003,2.091666994299999],[45.39166576510003,2.0833336609999993],[45.383332431800035,2.0833336609999993]]]}},{"id":"209562","type":"Feature","properties":{"population":16390.8984375,"year":2015},"geometry":{"type":"Polygon","coordinates":[[[45.34999909860003,2.0833336609999993],[45.34999909860003,2.091666994299999],[45.35833243190003,2.091666994299999],[45.35833243190003,2.0833336609999993],[45.34999909860003,2.0833336609999993]]]}},{"id":"209563","type":"Feature","properties":{"population":18766.849609375,"year":2015},"geometry":{"type":"Polygon","coordinates":[[[45.35833243190003,2.0833336609999993],[45.35833243190003,2.091666994299999],[45.36666576520003,2.091666994299999],[45.36666576520003,2.0833336609999993],[45.35833243190003,2.0833336609999993]]]}},{"id":"209565","type":"Feature","properties":{"population":15477.8681640625,"year":2015},"geometry":{"type":"Polygon","coordinates":[[[45.374999098500034,2.0833336609999993],[45.374999098500034,2.091666994299999],[45.383332431800035,2.091666994299999],[45.383332431800035,2.0833336609999993],[45.374999098500034,2.0833336609999993]]]}},{"id":"209360","type":"Feature","properties":{"population":13927.4609375,"year":2015},"geometry":{"type":"Polygon","coordinates":[[[45.374999098500034,2.091666994299999],[45.374999098500034,2.1000003275999983],[45.383332431800035,2.1000003275999983],[45.383332431800035,2.091666994299999],[45.374999098500034,2.091666994299999]]]}},{"id":"209357","type":"Feature","properties":{"population":7402.33203125,"year":2015},"geometry":{"type":"Polygon","coordinates":[[[45.35833243190003,2.1000003275999983],[45.35833243190003,2.091666994299999],[45.34999909860003,2.091666994299999],[45.34999909860003,2.0976898009314158],[45.351765927078944,2.1000003275999983],[45.35833243190003,2.1000003275999983]]]}},{"id":"209359","type":"Feature","properties":{"population":18560.787109375,"year":2015},"geometry":{"type":"Polygon","coordinates":[[[45.36666576520003,2.091666994299999],[45.36666576520003,2.1000003275999983],[45.374999098500034,2.1000003275999983],[45.374999098500034,2.091666994299999],[45.36666576520003,2.091666994299999]]]}},{"id":"209763","type":"Feature","properties":{"population":2814.77294921875,"year":2015},"geometry":{"type":"Polygon","coordinates":[[[45.383332431800035,2.075000327699998],[45.383332431800035,2.0833336609999993],[45.39166576510003,2.0833336609999993],[45.39166576510003,2.075000327699998],[45.383332431800035,2.075000327699998]]]}},{"id":"209764","type":"Feature","properties":{"population":3395.494140625,"year":2015},"geometry":{"type":"Polygon","coordinates":[[[45.39166576510003,2.075000327699998],[45.39166576510003,2.0833336609999993],[45.39999909840003,2.0833336609999993],[45.39999909840003,2.075000327699998],[45.39166576510003,2.075000327699998]]]}},{"id":"209567","type":"Feature","properties":{"population":2145.025634765625,"year":2015},"geometry":{"type":"Polygon","coordinates":[[[45.39166576510003,2.0833336609999993],[45.39166576510003,2.091666994299999],[45.39999909840003,2.091666994299999],[45.39999909840003,2.0833336609999993],[45.39166576510003,2.0833336609999993]]]}},{"id":"209568","type":"Feature","properties":{"population":2526.020263671875,"year":2015},"geometry":{"type":"Polygon","coordinates":[[[45.39999909840003,2.0833336609999993],[45.39999909840003,2.091666994299999],[45.40833243170003,2.091666994299999],[45.40833243170003,2.0833336609999993],[45.39999909840003,2.0833336609999993]]]}},{"id":"209361","type":"Feature","properties":{"population":3846.29638671875,"year":2015},"geometry":{"type":"Polygon","coordinates":[[[45.383332431800035,2.091666994299999],[45.383332431800035,2.1000003275999983],[45.39166576510003,2.1000003275999983],[45.39166576510003,2.091666994299999],[45.383332431800035,2.091666994299999]]]}},{"id":"209362","type":"Feature","properties":{"population":235.3447723388672,"year":2015},"geometry":{"type":"Polygon","coordinates":[[[45.39166576510003,2.091666994299999],[45.39166576510003,2.1000003275999983],[45.39999909840003,2.1000003275999983],[45.39999909840003,2.091666994299999],[45.39166576510003,2.091666994299999]]]}},{"id":"209364","type":"Feature","properties":{"population":442.3651123046875,"year":2015},"geometry":{"type":"Polygon","coordinates":[[[45.40833243170003,2.091666994299999],[45.40833243170003,2.1000003275999983],[45.41666576500003,2.1000003275999983],[45.41666576500003,2.091666994299999],[45.40833243170003,2.091666994299999]]]}},{"id":"209363","type":"Feature","properties":{"population":769.3909912109375,"year":2015},"geometry":{"type":"Polygon","coordinates":[[[45.39999909840003,2.091666994299999],[45.39999909840003,2.1000003275999983],[45.40833243170003,2.1000003275999983],[45.40833243170003,2.091666994299999],[45.39999909840003,2.091666994299999]]]}},{"id":"209149","type":"Feature","properties":{"population":302.22119140625,"year":2015},"geometry":{"type":"Polygon","coordinates":[[[45.40833243170003,2.1000003275999983],[45.40833243170003,2.108333660899998],[45.41666576500003,2.108333660899998],[45.41666576500003,2.1000003275999983],[45.40833243170003,2.1000003275999983]]]}},{"id":"209148","type":"Feature","properties":{"population":53.733909606933594,"year":2015},"geometry":{"type":"Polygon","coordinates":[[[45.39999909840003,2.1000003275999983],[45.39999909840003,2.108333660899998],[45.40833243170003,2.108333660899998],[45.40833243170003,2.1000003275999983],[45.39999909840003,2.1000003275999983]]]}},{"id":"209358","type":"Feature","properties":{"population":15893.90234375,"year":2015},"geometry":{"type":"Polygon","coordinates":[[[45.35833243190003,2.091666994299999],[45.35833243190003,2.1000003275999983],[45.36666576520003,2.1000003275999983],[45.36666576520003,2.091666994299999],[45.35833243190003,2.091666994299999]]]}},{"id":"209145","type":"Feature","properties":{"population":13514.498046875,"year":2015},"geometry":{"type":"Polygon","coordinates":[[[45.374999098500034,2.1000003275999983],[45.374999098500034,2.108333660899998],[45.383332431800035,2.108333660899998],[45.383332431800035,2.1000003275999983],[45.374999098500034,2.1000003275999983]]]}},{"id":"209144","type":"Feature","properties":{"population":14644.8779296875,"year":2015},"geometry":{"type":"Polygon","coordinates":[[[45.36666576520003,2.1000003275999983],[45.36666576520003,2.108333660899998],[45.374999098500034,2.108333660899998],[45.374999098500034,2.1000003275999983],[45.36666576520003,2.1000003275999983]]]}},{"id":"209142","type":"Feature","properties":{"population":3772.332275390625,"year":2015},"geometry":{"type":"Polygon","coordinates":[[[45.35833243190003,2.108333660899998],[45.35833243190003,2.1000003275999983],[45.351765927078944,2.1000003275999983],[45.35813831429218,2.108333660899998],[45.35833243190003,2.108333660899998]]]}},{"id":"209143","type":"Feature","properties":{"population":11868.771484375,"year":2015},"geometry":{"type":"Polygon","coordinates":[[[45.35833243190003,2.1000003275999983],[45.35833243190003,2.108333660899998],[45.36666576520003,2.108333660899998],[45.36666576520003,2.1000003275999983],[45.35833243190003,2.1000003275999983]]]}},{"id":"208917","type":"Feature","properties":{"population":523.628173828125,"year":2015},"geometry":{"type":"Polygon","coordinates":[[[45.35833243190003,2.108333660899998],[45.35813831429218,2.108333660899998],[45.35833243190003,2.1085875134471705],[45.35833243190003,2.108333660899998]]]}},{"id":"208920","type":"Feature","properties":{"population":5112.001953125,"year":2015},"geometry":{"type":"Polygon","coordinates":[[[45.374999098500034,2.108333660899998],[45.374999098500034,2.116666994199999],[45.383332431800035,2.116666994199999],[45.383332431800035,2.108333660899998],[45.374999098500034,2.108333660899998]]]}},{"id":"208919","type":"Feature","properties":{"population":10287.4951171875,"year":2015},"geometry":{"type":"Polygon","coordinates":[[[45.36666576520003,2.108333660899998],[45.36666576520003,2.116666994199999],[45.374999098500034,2.116666994199999],[45.374999098500034,2.108333660899998],[45.36666576520003,2.108333660899998]]]}},{"id":"208918","type":"Feature","properties":{"population":6930.642578125,"year":2015},"geometry":{"type":"Polygon","coordinates":[[[45.36666576520003,2.116666994199999],[45.36666576520003,2.108333660899998],[45.35833243190003,2.108333660899998],[45.35833243190003,2.1085875134471705],[45.36451070150541,2.116666994199999],[45.36666576520003,2.116666994199999]]]}},{"id":"208698","type":"Feature","properties":{"population":2305.34375,"year":2015},"geometry":{"type":"Polygon","coordinates":[[[45.374999098500034,2.116666994199999],[45.374999098500034,2.1250003274999987],[45.383332431800035,2.1250003274999987],[45.383332431800035,2.116666994199999],[45.374999098500034,2.116666994199999]]]}},{"id":"209146","type":"Feature","properties":{"population":2719.644775390625,"year":2015},"geometry":{"type":"Polygon","coordinates":[[[45.383332431800035,2.1000003275999983],[45.383332431800035,2.108333660899998],[45.39166576510003,2.108333660899998],[45.39166576510003,2.1000003275999983],[45.383332431800035,2.1000003275999983]]]}},{"id":"209147","type":"Feature","properties":{"population":7.697429180145264,"year":2015},"geometry":{"type":"Polygon","coordinates":[[[45.39166576510003,2.1000003275999983],[45.39166576510003,2.108333660899998],[45.39999909840003,2.108333660899998],[45.39999909840003,2.1000003275999983],[45.39166576510003,2.1000003275999983]]]}},{"id":"208923","type":"Feature","properties":{"population":112.32694244384766,"year":2015},"geometry":{"type":"Polygon","coordinates":[[[45.39999909840003,2.108333660899998],[45.39999909840003,2.116666994199999],[45.40833243170003,2.116666994199999],[45.40833243170003,2.108333660899998],[45.39999909840003,2.108333660899998]]]}},{"id":"208924","type":"Feature","properties":{"population":202.977783203125,"year":2015},"geometry":{"type":"Polygon","coordinates":[[[45.40833243170003,2.108333660899998],[45.40833243170003,2.116666994199999],[45.41666576500003,2.116666994199999],[45.41666576500003,2.108333660899998],[45.40833243170003,2.108333660899998]]]}},{"id":"208921","type":"Feature","properties":{"population":1052.8822021484375,"year":2015},"geometry":{"type":"Polygon","coordinates":[[[45.383332431800035,2.108333660899998],[45.383332431800035,2.116666994199999],[45.39166576510003,2.116666994199999],[45.39166576510003,2.108333660899998],[45.383332431800035,2.108333660899998]]]}},{"id":"208922","type":"Feature","properties":{"population":146.75648498535156,"year":2015},"geometry":{"type":"Polygon","coordinates":[[[45.39166576510003,2.108333660899998],[45.39166576510003,2.116666994199999],[45.39999909840003,2.116666994199999],[45.39999909840003,2.108333660899998],[45.39166576510003,2.108333660899998]]]}},{"id":"208701","type":"Feature","properties":{"population":164.18605041503906,"year":2015},"geometry":{"type":"Polygon","coordinates":[[[45.39999909840003,2.116666994199999],[45.39999909840003,2.1250003274999987],[45.40833243170003,2.1250003274999987],[45.40833243170003,2.116666994199999],[45.39999909840003,2.116666994199999]]]}},{"id":"208699","type":"Feature","properties":{"population":198.62159729003906,"year":2015},"geometry":{"type":"Polygon","coordinates":[[[45.383332431800035,2.116666994199999],[45.383332431800035,2.1250003274999987],[45.39166576510003,2.1250003274999987],[45.39166576510003,2.116666994199999],[45.383332431800035,2.116666994199999]]]}},{"id":"208700","type":"Feature","properties":{"population":227.8778839111328,"year":2015},"geometry":{"type":"Polygon","coordinates":[[[45.39166576510003,2.116666994199999],[45.39166576510003,2.1250003274999987],[45.39999909840003,2.1250003274999987],[45.39999909840003,2.116666994199999],[45.39166576510003,2.116666994199999]]]}},{"id":"208702","type":"Feature","properties":{"population":59.17115783691406,"year":2015},"geometry":{"type":"Polygon","coordinates":[[[45.40833243170003,2.116666994199999],[45.40833243170003,2.1250003274999987],[45.41666576500003,2.1250003274999987],[45.41666576500003,2.116666994199999],[45.40833243170003,2.116666994199999]]]}},{"id":"209571","type":"Feature","properties":{"population":166.6399383544922,"year":2015},"geometry":{"type":"Polygon","coordinates":[[[45.424999098300034,2.0833336609999993],[45.424999098300034,2.091666994299999],[45.433332431600036,2.091666994299999],[45.433332431600036,2.0833336609999993],[45.424999098300034,2.0833336609999993]]]}},{"id":"209367","type":"Feature","properties":{"population":2.2347378730773926,"year":2015},"geometry":{"type":"Polygon","coordinates":[[[45.433332431600036,2.091666994299999],[45.433332431600036,2.1000003275999983],[45.44166576490003,2.1000003275999983],[45.44166576490003,2.091666994299999],[45.433332431600036,2.091666994299999]]]}},{"id":"209368","type":"Feature","properties":{"population":7.8471856117248535,"year":2015},"geometry":{"type":"Polygon","coordinates":[[[45.44166576490003,2.091666994299999],[45.44166576490003,2.1000003275999983],[45.44999909820003,2.1000003275999983],[45.44999909820003,2.091839804025995],[45.44983,2.09173],[45.449537473535706,2.091666994299999],[45.44166576490003,2.091666994299999]]]}},{"id":"209366","type":"Feature","properties":{"population":159.7685089111328,"year":2015},"geometry":{"type":"Polygon","coordinates":[[[45.424999098300034,2.091666994299999],[45.424999098300034,2.1000003275999983],[45.433332431600036,2.1000003275999983],[45.433332431600036,2.091666994299999],[45.424999098300034,2.091666994299999]]]}},{"id":"209365","type":"Feature","properties":{"population":1266.3316650390625,"year":2015},"geometry":{"type":"Polygon","coordinates":[[[45.41666576500003,2.091666994299999],[45.41666576500003,2.1000003275999983],[45.424999098300034,2.1000003275999983],[45.424999098300034,2.091666994299999],[45.41666576500003,2.091666994299999]]]}},{"id":"209150","type":"Feature","properties":{"population":252.3960723876953,"year":2015},"geometry":{"type":"Polygon","coordinates":[[[45.41666576500003,2.1000003275999983],[45.41666576500003,2.108333660899998],[45.424999098300034,2.108333660899998],[45.424999098300034,2.1000003275999983],[45.41666576500003,2.1000003275999983]]]}},{"id":"209151","type":"Feature","properties":{"population":321.2710876464844,"year":2015},"geometry":{"type":"Polygon","coordinates":[[[45.424999098300034,2.1000003275999983],[45.424999098300034,2.108333660899998],[45.433332431600036,2.108333660899998],[45.433332431600036,2.1000003275999983],[45.424999098300034,2.1000003275999983]]]}},{"id":"209152","type":"Feature","properties":{"population":38.74980163574219,"year":2015},"geometry":{"type":"Polygon","coordinates":[[[45.433332431600036,2.1000003275999983],[45.433332431600036,2.108333660899998],[45.44166576490003,2.108333660899998],[45.44166576490003,2.1000003275999983],[45.433332431600036,2.1000003275999983]]]}},{"id":"209153","type":"Feature","properties":{"population":20.953399658203125,"year":2015},"geometry":{"type":"Polygon","coordinates":[[[45.44166576490003,2.1000003275999983],[45.44166576490003,2.108333660899998],[45.44999909820003,2.108333660899998],[45.44999909820003,2.1000003275999983],[45.44166576490003,2.1000003275999983]]]}},{"id":"208928","type":"Feature","properties":{"population":3.8204145431518555,"year":2015},"geometry":{"type":"Polygon","coordinates":[[[45.44166576490003,2.108333660899998],[45.44166576490003,2.116666994199999],[45.44999909820003,2.116666994199999],[45.44999909820003,2.108333660899998],[45.44166576490003,2.108333660899998]]]}},{"id":"209369","type":"Feature","properties":{"population":10.02365779876709,"year":2015},"geometry":{"type":"Polygon","coordinates":[[[45.44999909820003,2.1000003275999983],[45.45833243150003,2.1000003275999983],[45.45833243150003,2.096605052108724],[45.45829,2.09657],[45.45757,2.09657],[45.45662,2.09597],[45.4561,2.09572],[45.45534,2.0952],[45.45379,2.09442],[45.45284,2.09407],[45.45201,2.09338],[45.45137,2.093],[45.45098,2.09262],[45.4506,2.09223],[45.44999909820003,2.091839804025995],[45.44999909820003,2.1000003275999983]]]}},{"id":"209154","type":"Feature","properties":{"population":11.439436912536621,"year":2015},"geometry":{"type":"Polygon","coordinates":[[[45.44999909820003,2.1000003275999983],[45.44999909820003,2.108333660899998],[45.45833243150003,2.108333660899998],[45.45833243150003,2.1000003275999983],[45.44999909820003,2.1000003275999983]]]}},{"id":"209156","type":"Feature","properties":{"population":324.52325439453125,"year":2015},"geometry":{"type":"Polygon","coordinates":[[[45.466665764800034,2.108333660899998],[45.474999098100035,2.108333660899998],[45.474999098100035,2.1064952198526523],[45.4745,2.10618],[45.47379,2.10592],[45.47285,2.10564],[45.47252,2.10534],[45.47179,2.10444],[45.47123,2.10435],[45.47055,2.10387],[45.47025,2.10378],[45.46999,2.10367],[45.46993,2.10349],[45.46987,2.10327],[45.46947,2.10291],[45.46914,2.10254],[45.46869,2.1022],[45.46828,2.10195],[45.46799,2.10196],[45.46762,2.10183],[45.46742,2.10154],[45.46695,2.1013],[45.466665764800034,2.1012158895836843],[45.466665764800034,2.108333660899998]]]}},{"id":"209155","type":"Feature","properties":{"population":1529.2095947265625,"year":2015},"geometry":{"type":"Polygon","coordinates":[[[45.45833243150003,2.1000003275999983],[45.45833243150003,2.108333660899998],[45.466665764800034,2.108333660899998],[45.466665764800034,2.1012158895836843],[45.46597,2.10101],[45.46459,2.10016],[45.46388,2.10001],[45.463860880139535,2.1000003275999983],[45.45833243150003,2.1000003275999983]]]}},{"id":"208929","type":"Feature","properties":{"population":4.974804878234863,"year":2015},"geometry":{"type":"Polygon","coordinates":[[[45.44999909820003,2.108333660899998],[45.44999909820003,2.116666994199999],[45.45833243150003,2.116666994199999],[45.45833243150003,2.108333660899998],[45.44999909820003,2.108333660899998]]]}},{"id":"208930","type":"Feature","properties":{"population":143.60693359375,"year":2015},"geometry":{"type":"Polygon","coordinates":[[[45.45833243150003,2.108333660899998],[45.45833243150003,2.116666994199999],[45.466665764800034,2.116666994199999],[45.466665764800034,2.108333660899998],[45.45833243150003,2.108333660899998]]]}},{"id":"208931","type":"Feature","properties":{"population":52.61503982543945,"year":2015},"geometry":{"type":"Polygon","coordinates":[[[45.466665764800034,2.108333660899998],[45.466665764800034,2.116666994199999],[45.474999098100035,2.116666994199999],[45.474999098100035,2.108333660899998],[45.466665764800034,2.108333660899998]]]}},{"id":"208709","type":"Feature","properties":{"population":496.09844970703125,"year":2015},"geometry":{"type":"Polygon","coordinates":[[[45.466665764800034,2.116666994199999],[45.466665764800034,2.1250003274999987],[45.474999098100035,2.1250003274999987],[45.474999098100035,2.116666994199999],[45.466665764800034,2.116666994199999]]]}},{"id":"208708","type":"Feature","properties":{"population":28.16730499267578,"year":2015},"geometry":{"type":"Polygon","coordinates":[[[45.45833243150003,2.116666994199999],[45.45833243150003,2.1250003274999987],[45.466665764800034,2.1250003274999987],[45.466665764800034,2.116666994199999],[45.45833243150003,2.116666994199999]]]}},{"id":"208707","type":"Feature","properties":{"population":3.310722827911377,"year":2015},"geometry":{"type":"Polygon","coordinates":[[[45.44999909820003,2.116666994199999],[45.44999909820003,2.1250003274999987],[45.45833243150003,2.1250003274999987],[45.45833243150003,2.116666994199999],[45.44999909820003,2.116666994199999]]]}},{"id":"208927","type":"Feature","properties":{"population":211.7733154296875,"year":2015},"geometry":{"type":"Polygon","coordinates":[[[45.433332431600036,2.108333660899998],[45.433332431600036,2.116666994199999],[45.44166576490003,2.116666994199999],[45.44166576490003,2.108333660899998],[45.433332431600036,2.108333660899998]]]}},{"id":"208925","type":"Feature","properties":{"population":46.30223083496094,"year":2015},"geometry":{"type":"Polygon","coordinates":[[[45.41666576500003,2.108333660899998],[45.41666576500003,2.116666994199999],[45.424999098300034,2.116666994199999],[45.424999098300034,2.108333660899998],[45.41666576500003,2.108333660899998]]]}},{"id":"208926","type":"Feature","properties":{"population":119.37333679199219,"year":2015},"geometry":{"type":"Polygon","coordinates":[[[45.424999098300034,2.108333660899998],[45.424999098300034,2.116666994199999],[45.433332431600036,2.116666994199999],[45.433332431600036,2.108333660899998],[45.424999098300034,2.108333660899998]]]}},{"id":"208704","type":"Feature","properties":{"population":199.57907104492188,"year":2015},"geometry":{"type":"Polygon","coordinates":[[[45.424999098300034,2.116666994199999],[45.424999098300034,2.1250003274999987],[45.433332431600036,2.1250003274999987],[45.433332431600036,2.116666994199999],[45.424999098300034,2.116666994199999]]]}},{"id":"208703","type":"Feature","properties":{"population":95.98050689697266,"year":2015},"geometry":{"type":"Polygon","coordinates":[[[45.41666576500003,2.116666994199999],[45.41666576500003,2.1250003274999987],[45.424999098300034,2.1250003274999987],[45.424999098300034,2.116666994199999],[45.41666576500003,2.116666994199999]]]}},{"id":"208706","type":"Feature","properties":{"population":7.21390438079834,"year":2015},"geometry":{"type":"Polygon","coordinates":[[[45.44166576490003,2.116666994199999],[45.44166576490003,2.1250003274999987],[45.44999909820003,2.1250003274999987],[45.44999909820003,2.116666994199999],[45.44166576490003,2.116666994199999]]]}},{"id":"208705","type":"Feature","properties":{"population":72.6137466430664,"year":2015},"geometry":{"type":"Polygon","coordinates":[[[45.433332431600036,2.116666994199999],[45.433332431600036,2.1250003274999987],[45.44166576490003,2.1250003274999987],[45.44166576490003,2.116666994199999],[45.433332431600036,2.116666994199999]]]}},{"id":"208480","type":"Feature","properties":{"population":136.86514282226562,"year":2015},"geometry":{"type":"Polygon","coordinates":[[[45.44166576490003,2.1250003274999987],[45.44166576490003,2.133333660799998],[45.44999909820003,2.133333660799998],[45.44999909820003,2.1250003274999987],[45.44166576490003,2.1250003274999987]]]}},{"id":"208479","type":"Feature","properties":{"population":260.16180419921875,"year":2015},"geometry":{"type":"Polygon","coordinates":[[[45.433332431600036,2.1250003274999987],[45.433332431600036,2.133333660799998],[45.44166576490003,2.133333660799998],[45.44166576490003,2.1250003274999987],[45.433332431600036,2.1250003274999987]]]}},{"id":"208478","type":"Feature","properties":{"population":390.1411437988281,"year":2015},"geometry":{"type":"Polygon","coordinates":[[[45.424999098300034,2.1250003274999987],[45.424999098300034,2.133333660799998],[45.433332431600036,2.133333660799998],[45.433332431600036,2.1250003274999987],[45.424999098300034,2.1250003274999987]]]}},{"id":"209157","type":"Feature","properties":{"population":13.461141586303711,"year":2015},"geometry":{"type":"Polygon","coordinates":[[[45.474999098100035,2.108333660899998],[45.48333243140003,2.108333660899998],[45.48333243140003,2.1080920707765043],[45.48302,2.1077],[45.48251,2.10757],[45.48199,2.10731],[45.48148,2.1068],[45.48097,2.10654],[45.48038,2.10631],[45.48021,2.10647],[45.48008,2.10724],[45.47996,2.1075],[45.47917,2.10757],[45.47849,2.10743],[45.47653,2.10692],[45.47576,2.10689],[45.47507,2.10654],[45.474999098100035,2.1064952198526523],[45.474999098100035,2.108333660899998]]]}},{"id":"208933","type":"Feature","properties":{"population":165.38803100585938,"year":2015},"geometry":{"type":"Polygon","coordinates":[[[45.48333243140003,2.108333660899998],[45.48333243140003,2.116666994199999],[45.49166576470003,2.116666994199999],[45.49166576470003,2.1139690770980617],[45.49096,2.11388],[45.49096,2.11337],[45.49045,2.11324],[45.48994,2.11298],[45.48968,2.11272],[45.48943,2.11247],[45.48917,2.11221],[45.48891,2.11195],[45.48866,2.11169],[45.48738,2.11156],[45.48725,2.11079],[45.48699,2.11053],[45.48673,2.11027],[45.48661,2.11002],[45.48609,2.10989],[45.4858,2.10979],[45.48567,2.10927],[45.48541,2.10901],[45.48516,2.10886],[45.48503,2.10889],[45.48477,2.10914],[45.48452,2.10914],[45.484,2.10863],[45.48353,2.10834],[45.483524948529684,2.108333660899998],[45.48333243140003,2.108333660899998]]]}},{"id":"208932","type":"Feature","properties":{"population":46.85543441772461,"year":2015},"geometry":{"type":"Polygon","coordinates":[[[45.474999098100035,2.108333660899998],[45.474999098100035,2.116666994199999],[45.48333243140003,2.116666994199999],[45.48333243140003,2.108333660899998],[45.474999098100035,2.108333660899998]]]}},{"id":"208710","type":"Feature","properties":{"population":98.86898803710938,"year":2015},"geometry":{"type":"Polygon","coordinates":[[[45.474999098100035,2.116666994199999],[45.474999098100035,2.1250003274999987],[45.48333243140003,2.1250003274999987],[45.48333243140003,2.116666994199999],[45.474999098100035,2.116666994199999]]]}},{"id":"208711","type":"Feature","properties":{"population":414.3843688964844,"year":2015},"geometry":{"type":"Polygon","coordinates":[[[45.48333243140003,2.116666994199999],[45.48333243140003,2.1250003274999987],[45.49166576470003,2.1250003274999987],[45.49166576470003,2.116666994199999],[45.48333243140003,2.116666994199999]]]}},{"id":"208712","type":"Feature","properties":{"population":12.994583129882812,"year":2015},"geometry":{"type":"Polygon","coordinates":[[[45.49166576470003,2.116666994199999],[45.49166576470003,2.1250003274999987],[45.49999909800003,2.1250003274999987],[45.49999909800003,2.11813],[45.49942,2.11813],[45.49917,2.11788],[45.49814,2.11762],[45.49789,2.11762],[45.49763,2.11762],[45.49712,2.11736],[45.49686,2.1171],[45.49635,2.11685],[45.4961669942,2.116666994199999],[45.49166576470003,2.116666994199999]]]}},{"id":"208484","type":"Feature","properties":{"population":3.9253039360046387,"year":2015},"geometry":{"type":"Polygon","coordinates":[[[45.474999098100035,2.1250003274999987],[45.474999098100035,2.133333660799998],[45.48333243140003,2.133333660799998],[45.48333243140003,2.1250003274999987],[45.474999098100035,2.1250003274999987]]]}},{"id":"208485","type":"Feature","properties":{"population":159.27188110351562,"year":2015},"geometry":{"type":"Polygon","coordinates":[[[45.48333243140003,2.1250003274999987],[45.48333243140003,2.133333660799998],[45.49166576470003,2.133333660799998],[45.49166576470003,2.1250003274999987],[45.48333243140003,2.1250003274999987]]]}},{"id":"208486","type":"Feature","properties":{"population":45.439659118652344,"year":2015},"geometry":{"type":"Polygon","coordinates":[[[45.49166576470003,2.1250003274999987],[45.49166576470003,2.133333660799998],[45.49999909800003,2.133333660799998],[45.49999909800003,2.1250003274999987],[45.49166576470003,2.1250003274999987]]]}},{"id":"208241","type":"Feature","properties":{"population":6.708573341369629,"year":2015},"geometry":{"type":"Polygon","coordinates":[[[45.49166576470003,2.133333660799998],[45.49166576470003,2.1416669940999995],[45.49999909800003,2.1416669940999995],[45.49999909800003,2.133333660799998],[45.49166576470003,2.133333660799998]]]}},{"id":"208477","type":"Feature","properties":{"population":131.5489501953125,"year":2015},"geometry":{"type":"Polygon","coordinates":[[[45.41666576500003,2.1250003274999987],[45.41666576500003,2.133333660799998],[45.424999098300034,2.133333660799998],[45.424999098300034,2.1250003274999987],[45.41666576500003,2.1250003274999987]]]}},{"id":"208237","type":"Feature","properties":{"population":90.3304672241211,"year":2015},"geometry":{"type":"Polygon","coordinates":[[[45.44166576490003,2.133333660799998],[45.44166576490003,2.1416669940999995],[45.44999909820003,2.1416669940999995],[45.44999909820003,2.133333660799998],[45.44166576490003,2.133333660799998]]]}},{"id":"208234","type":"Feature","properties":{"population":189.98756408691406,"year":2015},"geometry":{"type":"Polygon","coordinates":[[[45.41666576500003,2.133333660799998],[45.41666576500003,2.1416669940999995],[45.424999098300034,2.1416669940999995],[45.424999098300034,2.133333660799998],[45.41666576500003,2.133333660799998]]]}},{"id":"208235","type":"Feature","properties":{"population":225.17738342285156,"year":2015},"geometry":{"type":"Polygon","coordinates":[[[45.424999098300034,2.133333660799998],[45.424999098300034,2.1416669940999995],[45.433332431600036,2.1416669940999995],[45.433332431600036,2.133333660799998],[45.424999098300034,2.133333660799998]]]}},{"id":"208236","type":"Feature","properties":{"population":145.0491943359375,"year":2015},"geometry":{"type":"Polygon","coordinates":[[[45.433332431600036,2.133333660799998],[45.433332431600036,2.1416669940999995],[45.44166576490003,2.1416669940999995],[45.44166576490003,2.133333660799998],[45.433332431600036,2.133333660799998]]]}},{"id":"207998","type":"Feature","properties":{"population":114.60330963134766,"year":2015},"geometry":{"type":"Polygon","coordinates":[[[45.41666576500003,2.1416669940999995],[45.41666576500003,2.150000327399999],[45.424999098300034,2.150000327399999],[45.424999098300034,2.1416669940999995],[45.41666576500003,2.1416669940999995]]]}},{"id":"208000","type":"Feature","properties":{"population":229.05844116210938,"year":2015},"geometry":{"type":"Polygon","coordinates":[[[45.433332431600036,2.1416669940999995],[45.433332431600036,2.150000327399999],[45.44166576490003,2.150000327399999],[45.44166576490003,2.1416669940999995],[45.433332431600036,2.1416669940999995]]]}},{"id":"208001","type":"Feature","properties":{"population":153.39100646972656,"year":2015},"geometry":{"type":"Polygon","coordinates":[[[45.44166576490003,2.1416669940999995],[45.44166576490003,2.150000327399999],[45.44999909820003,2.150000327399999],[45.44999909820003,2.1416669940999995],[45.44166576490003,2.1416669940999995]]]}},{"id":"207999","type":"Feature","properties":{"population":142.07662963867188,"year":2015},"geometry":{"type":"Polygon","coordinates":[[[45.424999098300034,2.1416669940999995],[45.424999098300034,2.150000327399999],[45.433332431600036,2.150000327399999],[45.433332431600036,2.1416669940999995],[45.424999098300034,2.1416669940999995]]]}},{"id":"207774","type":"Feature","properties":{"population":142.67507934570312,"year":2015},"geometry":{"type":"Polygon","coordinates":[[[45.424999098300034,2.150000327399999],[45.424999098300034,2.1583336606999985],[45.433332431600036,2.1583336606999985],[45.433332431600036,2.150000327399999],[45.424999098300034,2.150000327399999]]]}},{"id":"208481","type":"Feature","properties":{"population":5.297154903411865,"year":2015},"geometry":{"type":"Polygon","coordinates":[[[45.44999909820003,2.1250003274999987],[45.44999909820003,2.133333660799998],[45.45833243150003,2.133333660799998],[45.45833243150003,2.1250003274999987],[45.44999909820003,2.1250003274999987]]]}},{"id":"208482","type":"Feature","properties":{"population":66.75061798095703,"year":2015},"geometry":{"type":"Polygon","coordinates":[[[45.45833243150003,2.1250003274999987],[45.45833243150003,2.133333660799998],[45.466665764800034,2.133333660799998],[45.466665764800034,2.1250003274999987],[45.45833243150003,2.1250003274999987]]]}},{"id":"208483","type":"Feature","properties":{"population":6.299093723297119,"year":2015},"geometry":{"type":"Polygon","coordinates":[[[45.466665764800034,2.1250003274999987],[45.466665764800034,2.133333660799998],[45.474999098100035,2.133333660799998],[45.474999098100035,2.1250003274999987],[45.466665764800034,2.1250003274999987]]]}},{"id":"208239","type":"Feature","properties":{"population":76.08564758300781,"year":2015},"geometry":{"type":"Polygon","coordinates":[[[45.45833243150003,2.133333660799998],[45.45833243150003,2.1416669940999995],[45.466665764800034,2.1416669940999995],[45.466665764800034,2.133333660799998],[45.45833243150003,2.133333660799998]]]}},{"id":"208238","type":"Feature","properties":{"population":79.8842544555664,"year":2015},"geometry":{"type":"Polygon","coordinates":[[[45.44999909820003,2.133333660799998],[45.44999909820003,2.1416669940999995],[45.45833243150003,2.1416669940999995],[45.45833243150003,2.133333660799998],[45.44999909820003,2.133333660799998]]]}},{"id":"208004","type":"Feature","properties":{"population":94.36430358886719,"year":2015},"geometry":{"type":"Polygon","coordinates":[[[45.466665764800034,2.1416669940999995],[45.466665764800034,2.150000327399999],[45.474999098100035,2.150000327399999],[45.474999098100035,2.1416669940999995],[45.466665764800034,2.1416669940999995]]]}},{"id":"208002","type":"Feature","properties":{"population":129.55816650390625,"year":2015},"geometry":{"type":"Polygon","coordinates":[[[45.44999909820003,2.1416669940999995],[45.44999909820003,2.150000327399999],[45.45833243150003,2.150000327399999],[45.45833243150003,2.1416669940999995],[45.44999909820003,2.1416669940999995]]]}},{"id":"208003","type":"Feature","properties":{"population":141.6821746826172,"year":2015},"geometry":{"type":"Polygon","coordinates":[[[45.45833243150003,2.1416669940999995],[45.45833243150003,2.150000327399999],[45.466665764800034,2.150000327399999],[45.466665764800034,2.1416669940999995],[45.45833243150003,2.1416669940999995]]]}},{"id":"207778","type":"Feature","properties":{"population":165.14842224121094,"year":2015},"geometry":{"type":"Polygon","coordinates":[[[45.45833243150003,2.150000327399999],[45.45833243150003,2.1583336606999985],[45.466665764800034,2.1583336606999985],[45.466665764800034,2.150000327399999],[45.45833243150003,2.150000327399999]]]}},{"id":"207777","type":"Feature","properties":{"population":131.5667266845703,"year":2015},"geometry":{"type":"Polygon","coordinates":[[[45.44999909820003,2.150000327399999],[45.44999909820003,2.1583336606999985],[45.45833243150003,2.1583336606999985],[45.45833243150003,2.150000327399999],[45.44999909820003,2.150000327399999]]]}},{"id":"208242","type":"Feature","properties":{"population":215.73324584960938,"year":2015},"geometry":{"type":"Polygon","coordinates":[[[45.49999909800003,2.133333660799998],[45.49999909800003,2.1416669940999995],[45.50833243130003,2.1416669940999995],[45.50833243130003,2.133333660799998],[45.49999909800003,2.133333660799998]]]}},{"id":"208240","type":"Feature","properties":{"population":33.03317642211914,"year":2015},"geometry":{"type":"Polygon","coordinates":[[[45.474999098100035,2.133333660799998],[45.474999098100035,2.1416669940999995],[45.48333243140003,2.1416669940999995],[45.48333243140003,2.133333660799998],[45.474999098100035,2.133333660799998]]]}},{"id":"208005","type":"Feature","properties":{"population":44.564414978027344,"year":2015},"geometry":{"type":"Polygon","coordinates":[[[45.474999098100035,2.1416669940999995],[45.474999098100035,2.150000327399999],[45.48333243140003,2.150000327399999],[45.48333243140003,2.1416669940999995],[45.474999098100035,2.1416669940999995]]]}},{"id":"208007","type":"Feature","properties":{"population":32.26824188232422,"year":2015},"geometry":{"type":"Polygon","coordinates":[[[45.49166576470003,2.1416669940999995],[45.49166576470003,2.150000327399999],[45.49999909800003,2.150000327399999],[45.49999909800003,2.1416669940999995],[45.49166576470003,2.1416669940999995]]]}},{"id":"208006","type":"Feature","properties":{"population":28.088899612426758,"year":2015},"geometry":{"type":"Polygon","coordinates":[[[45.48333243140003,2.1416669940999995],[45.48333243140003,2.150000327399999],[45.49166576470003,2.150000327399999],[45.49166576470003,2.1416669940999995],[45.48333243140003,2.1416669940999995]]]}},{"id":"208008","type":"Feature","properties":{"population":3.903181791305542,"year":2015},"geometry":{"type":"Polygon","coordinates":[[[45.49999909800003,2.1416669940999995],[45.49999909800003,2.150000327399999],[45.50833243130003,2.150000327399999],[45.50833243130003,2.1416669940999995],[45.49999909800003,2.1416669940999995]]]}},{"id":"207783","type":"Feature","properties":{"population":71.85139465332031,"year":2015},"geometry":{"type":"Polygon","coordinates":[[[45.49999909800003,2.150000327399999],[45.49999909800003,2.1583336606999985],[45.50833243130003,2.1583336606999985],[45.50833243130003,2.150000327399999],[45.49999909800003,2.150000327399999]]]}},{"id":"207781","type":"Feature","properties":{"population":30.145015716552734,"year":2015},"geometry":{"type":"Polygon","coordinates":[[[45.48333243140003,2.150000327399999],[45.48333243140003,2.1583336606999985],[45.49166576470003,2.1583336606999985],[45.49166576470003,2.150000327399999],[45.48333243140003,2.150000327399999]]]}},{"id":"207780","type":"Feature","properties":{"population":4.395428657531738,"year":2015},"geometry":{"type":"Polygon","coordinates":[[[45.474999098100035,2.150000327399999],[45.474999098100035,2.1583336606999985],[45.48333243140003,2.1583336606999985],[45.48333243140003,2.150000327399999],[45.474999098100035,2.150000327399999]]]}},{"id":"207782","type":"Feature","properties":{"population":21.1762638092041,"year":2015},"geometry":{"type":"Polygon","coordinates":[[[45.49166576470003,2.150000327399999],[45.49166576470003,2.1583336606999985],[45.49999909800003,2.1583336606999985],[45.49999909800003,2.150000327399999],[45.49166576470003,2.150000327399999]]]}},{"id":"208244","type":"Feature","properties":{"population":16.222537994384766,"year":2015},"geometry":{"type":"Polygon","coordinates":[[[45.516665764600035,2.133333660799998],[45.516665764600035,2.1416669940999995],[45.524999097900036,2.1416669940999995],[45.524999097900036,2.1353390979000335],[45.5248,2.13514],[45.52454,2.13489],[45.52403,2.13463],[45.52378,2.13437],[45.52326,2.13411],[45.52301,2.13385],[45.52275,2.1336],[45.52249,2.13334],[45.52247756541538,2.133333660799998],[45.516665764600035,2.133333660799998]]]}},{"id":"208245","type":"Feature","properties":{"population":6.373140811920166,"year":2015},"geometry":{"type":"Polygon","coordinates":[[[45.524999097900036,2.1416669940999995],[45.53333243120003,2.1416669940999995],[45.53333243120003,2.1408770016372154],[45.533,2.14081],[45.53275,2.14055],[45.53249,2.1403],[45.53224,2.14004],[45.53198,2.13978],[45.53121,2.13952],[45.53095,2.13927],[45.53044,2.13901],[45.53018,2.13875],[45.52967,2.13849],[45.52942,2.13824],[45.5289,2.13798],[45.52865,2.13772],[45.52813,2.13746],[45.52762,2.1372],[45.52736,2.13695],[45.52685,2.13669],[45.5266,2.13643],[45.52634,2.13617],[45.52557,2.13592],[45.52531,2.13566],[45.52506,2.1354],[45.524999097900036,2.1353390979000335],[45.524999097900036,2.1416669940999995]]]}},{"id":"208243","type":"Feature","properties":{"population":10.119507789611816,"year":2015},"geometry":{"type":"Polygon","coordinates":[[[45.50833243130003,2.133333660799998],[45.50833243130003,2.1416669940999995],[45.516665764600035,2.1416669940999995],[45.516665764600035,2.133333660799998],[45.50833243130003,2.133333660799998]]]}},{"id":"208009","type":"Feature","properties":{"population":61.164371490478516,"year":2015},"geometry":{"type":"Polygon","coordinates":[[[45.50833243130003,2.1416669940999995],[45.50833243130003,2.150000327399999],[45.516665764600035,2.150000327399999],[45.516665764600035,2.1416669940999995],[45.50833243130003,2.1416669940999995]]]}},{"id":"208010","type":"Feature","properties":{"population":1.4941861629486084,"year":2015},"geometry":{"type":"Polygon","coordinates":[[[45.516665764600035,2.1416669940999995],[45.516665764600035,2.150000327399999],[45.524999097900036,2.150000327399999],[45.524999097900036,2.1416669940999995],[45.516665764600035,2.1416669940999995]]]}},{"id":"208011","type":"Feature","properties":{"population":203.98483276367188,"year":2015},"geometry":{"type":"Polygon","coordinates":[[[45.524999097900036,2.1416669940999995],[45.524999097900036,2.150000327399999],[45.53333243120003,2.150000327399999],[45.53333243120003,2.1416669940999995],[45.524999097900036,2.1416669940999995]]]}},{"id":"207784","type":"Feature","properties":{"population":150.6727294921875,"year":2015},"geometry":{"type":"Polygon","coordinates":[[[45.50833243130003,2.150000327399999],[45.50833243130003,2.1583336606999985],[45.516665764600035,2.1583336606999985],[45.516665764600035,2.150000327399999],[45.50833243130003,2.150000327399999]]]}},{"id":"207786","type":"Feature","properties":{"population":31.97494888305664,"year":2015},"geometry":{"type":"Polygon","coordinates":[[[45.524999097900036,2.150000327399999],[45.524999097900036,2.1583336606999985],[45.53333243120003,2.1583336606999985],[45.53333243120003,2.150000327399999],[45.524999097900036,2.150000327399999]]]}},{"id":"207785","type":"Feature","properties":{"population":10.023655891418457,"year":2015},"geometry":{"type":"Polygon","coordinates":[[[45.516665764600035,2.150000327399999],[45.516665764600035,2.1583336606999985],[45.524999097900036,2.1583336606999985],[45.524999097900036,2.150000327399999],[45.516665764600035,2.150000327399999]]]}},{"id":"207535","type":"Feature","properties":{"population":28.306673049926758,"year":2015},"geometry":{"type":"Polygon","coordinates":[[[45.516665764600035,2.1583336606999985],[45.516665764600035,2.166666993999998],[45.524999097900036,2.166666993999998],[45.524999097900036,2.1583336606999985],[45.516665764600035,2.1583336606999985]]]}},{"id":"207779","type":"Feature","properties":{"population":9.392356872558594,"year":2015},"geometry":{"type":"Polygon","coordinates":[[[45.466665764800034,2.150000327399999],[45.466665764800034,2.1583336606999985],[45.474999098100035,2.1583336606999985],[45.474999098100035,2.150000327399999],[45.466665764800034,2.150000327399999]]]}},{"id":"207776","type":"Feature","properties":{"population":370.5090637207031,"year":2015},"geometry":{"type":"Polygon","coordinates":[[[45.44166576490003,2.150000327399999],[45.44166576490003,2.1583336606999985],[45.44999909820003,2.1583336606999985],[45.44999909820003,2.150000327399999],[45.44166576490003,2.150000327399999]]]}},{"id":"207529","type":"Feature","properties":{"population":69.75643157958984,"year":2015},"geometry":{"type":"Polygon","coordinates":[[[45.466665764800034,2.1583336606999985],[45.466665764800034,2.166666993999998],[45.474999098100035,2.166666993999998],[45.474999098100035,2.1583336606999985],[45.466665764800034,2.1583336606999985]]]}},{"id":"207527","type":"Feature","properties":{"population":201.95404052734375,"year":2015},"geometry":{"type":"Polygon","coordinates":[[[45.44999909820003,2.1583336606999985],[45.44999909820003,2.166666993999998],[45.45833243150003,2.166666993999998],[45.45833243150003,2.1583336606999985],[45.44999909820003,2.1583336606999985]]]}},{"id":"207526","type":"Feature","properties":{"population":179.57249450683594,"year":2015},"geometry":{"type":"Polygon","coordinates":[[[45.44999909820003,2.166666993999998],[45.44999909820003,2.1583336606999985],[45.44166576490003,2.1583336606999985],[45.44166576490003,2.164759898081611],[45.44833837269859,2.166666993999998],[45.44999909820003,2.166666993999998]]]}},{"id":"207528","type":"Feature","properties":{"population":131.14010620117188,"year":2015},"geometry":{"type":"Polygon","coordinates":[[[45.45833243150003,2.1583336606999985],[45.45833243150003,2.166666993999998],[45.466665764800034,2.166666993999998],[45.466665764800034,2.1583336606999985],[45.45833243150003,2.1583336606999985]]]}},{"id":"207299","type":"Feature","properties":{"population":226.3788604736328,"year":2015},"geometry":{"type":"Polygon","coordinates":[[[45.45833243150003,2.166666993999998],[45.44999909820003,2.166666993999998],[45.44999909820003,2.16714164542879],[45.45833243150003,2.169523392775969],[45.45833243150003,2.166666993999998]]]}},{"id":"207301","type":"Feature","properties":{"population":59.373207092285156,"year":2015},"geometry":{"type":"Polygon","coordinates":[[[45.474999098100035,2.166666993999998],[45.466665764800034,2.166666993999998],[45.466665764800034,2.170605978618185],[45.474999098100035,2.1713635543727303],[45.474999098100035,2.166666993999998]]]}},{"id":"207298","type":"Feature","properties":{"population":187.03256225585938,"year":2015},"geometry":{"type":"Polygon","coordinates":[[[45.44999909820003,2.166666993999998],[45.44833837269859,2.166666993999998],[45.44999909820003,2.16714164542879],[45.44999909820003,2.166666993999998]]]}},{"id":"207300","type":"Feature","properties":{"population":89.57284545898438,"year":2015},"geometry":{"type":"Polygon","coordinates":[[[45.466665764800034,2.166666993999998],[45.45833243150003,2.166666993999998],[45.45833243150003,2.169523392775969],[45.46,2.17],[45.466665764800034,2.170605978618185],[45.466665764800034,2.166666993999998]]]}},{"id":"207531","type":"Feature","properties":{"population":93.52790069580078,"year":2015},"geometry":{"type":"Polygon","coordinates":[[[45.48333243140003,2.1583336606999985],[45.48333243140003,2.166666993999998],[45.49166576470003,2.166666993999998],[45.49166576470003,2.1583336606999985],[45.48333243140003,2.1583336606999985]]]}},{"id":"207530","type":"Feature","properties":{"population":82.14110565185547,"year":2015},"geometry":{"type":"Polygon","coordinates":[[[45.474999098100035,2.1583336606999985],[45.474999098100035,2.166666993999998],[45.48333243140003,2.166666993999998],[45.48333243140003,2.1583336606999985],[45.474999098100035,2.1583336606999985]]]}},{"id":"207533","type":"Feature","properties":{"population":27.483352661132812,"year":2015},"geometry":{"type":"Polygon","coordinates":[[[45.49999909800003,2.1583336606999985],[45.49999909800003,2.166666993999998],[45.50833243130003,2.166666993999998],[45.50833243130003,2.1583336606999985],[45.49999909800003,2.1583336606999985]]]}},{"id":"207532","type":"Feature","properties":{"population":94.78250122070312,"year":2015},"geometry":{"type":"Polygon","coordinates":[[[45.49166576470003,2.1583336606999985],[45.49166576470003,2.166666993999998],[45.49999909800003,2.166666993999998],[45.49999909800003,2.1583336606999985],[45.49166576470003,2.1583336606999985]]]}},{"id":"207305","type":"Feature","properties":{"population":1.608113408088684,"year":2015},"geometry":{"type":"Polygon","coordinates":[[[45.50833243130003,2.166666993999998],[45.49999909800003,2.166666993999998],[45.49999909800003,2.1736362816363664],[45.50833243130003,2.174393857390912],[45.50833243130003,2.166666993999998]]]}},{"id":"207302","type":"Feature","properties":{"population":105.90471649169922,"year":2015},"geometry":{"type":"Polygon","coordinates":[[[45.48333243140003,2.166666993999998],[45.474999098100035,2.166666993999998],[45.474999098100035,2.1713635543727303],[45.48333243140003,2.1721211301272754],[45.48333243140003,2.166666993999998]]]}},{"id":"207303","type":"Feature","properties":{"population":55.987361907958984,"year":2015},"geometry":{"type":"Polygon","coordinates":[[[45.49166576470003,2.166666993999998],[45.48333243140003,2.166666993999998],[45.48333243140003,2.1721211301272754],[45.49166576470003,2.172878705881821],[45.49166576470003,2.166666993999998]]]}},{"id":"207304","type":"Feature","properties":{"population":8.459784507751465,"year":2015},"geometry":{"type":"Polygon","coordinates":[[[45.49999909800003,2.166666993999998],[45.49166576470003,2.166666993999998],[45.49166576470003,2.172878705881821],[45.49999909800003,2.1736362816363664],[45.49999909800003,2.166666993999998]]]}},{"id":"208696","type":"Feature","properties":{"population":698.9911499023438,"year":2015},"geometry":{"type":"Polygon","coordinates":[[[45.36666576520003,2.116666994199999],[45.36451070150541,2.116666994199999],[45.36666576520003,2.1194852259629253],[45.36666576520003,2.116666994199999]]]}},{"id":"208697","type":"Feature","properties":{"population":4421.9697265625,"year":2015},"geometry":{"type":"Polygon","coordinates":[[[45.374999098500034,2.1250003274999987],[45.374999098500034,2.116666994199999],[45.36666576520003,2.116666994199999],[45.36666576520003,2.1194852259629253],[45.37088308871865,2.1250003274999987],[45.374999098500034,2.1250003274999987]]]}},{"id":"208472","type":"Feature","properties":{"population":1008.11474609375,"year":2015},"geometry":{"type":"Polygon","coordinates":[[[45.383332431800035,2.133333660799998],[45.383332431800035,2.1250003274999987],[45.374999098500034,2.1250003274999987],[45.374999098500034,2.1303829384786797],[45.37725547593188,2.133333660799998],[45.383332431800035,2.133333660799998]]]}},{"id":"208473","type":"Feature","properties":{"population":126.99671936035156,"year":2015},"geometry":{"type":"Polygon","coordinates":[[[45.383332431800035,2.1250003274999987],[45.383332431800035,2.133333660799998],[45.39166576510003,2.133333660799998],[45.39166576510003,2.1250003274999987],[45.383332431800035,2.1250003274999987]]]}},{"id":"208471","type":"Feature","properties":{"population":570.7413940429688,"year":2015},"geometry":{"type":"Polygon","coordinates":[[[45.374999098500034,2.1250003274999987],[45.37088308871865,2.1250003274999987],[45.374999098500034,2.1303829384786797],[45.374999098500034,2.1250003274999987]]]}},{"id":"208229","type":"Feature","properties":{"population":306.9104309082031,"year":2015},"geometry":{"type":"Polygon","coordinates":[[[45.383332431800035,2.133333660799998],[45.37725547593188,2.133333660799998],[45.383332431800035,2.1412806509944344],[45.383332431800035,2.133333660799998]]]}},{"id":"208476","type":"Feature","properties":{"population":182.62152099609375,"year":2015},"geometry":{"type":"Polygon","coordinates":[[[45.40833243170003,2.1250003274999987],[45.40833243170003,2.133333660799998],[45.41666576500003,2.133333660799998],[45.41666576500003,2.1250003274999987],[45.40833243170003,2.1250003274999987]]]}},{"id":"208475","type":"Feature","properties":{"population":157.9479217529297,"year":2015},"geometry":{"type":"Polygon","coordinates":[[[45.39999909840003,2.1250003274999987],[45.39999909840003,2.133333660799998],[45.40833243170003,2.133333660799998],[45.40833243170003,2.1250003274999987],[45.39999909840003,2.1250003274999987]]]}},{"id":"208474","type":"Feature","properties":{"population":270.7648010253906,"year":2015},"geometry":{"type":"Polygon","coordinates":[[[45.39166576510003,2.1250003274999987],[45.39166576510003,2.133333660799998],[45.39999909840003,2.133333660799998],[45.39999909840003,2.1250003274999987],[45.39166576510003,2.1250003274999987]]]}},{"id":"208232","type":"Feature","properties":{"population":114.79969024658203,"year":2015},"geometry":{"type":"Polygon","coordinates":[[[45.39999909840003,2.133333660799998],[45.39999909840003,2.1416669940999995],[45.40833243170003,2.1416669940999995],[45.40833243170003,2.133333660799998],[45.39999909840003,2.133333660799998]]]}},{"id":"208231","type":"Feature","properties":{"population":365.237548828125,"year":2015},"geometry":{"type":"Polygon","coordinates":[[[45.39166576510003,2.133333660799998],[45.39166576510003,2.1416669940999995],[45.39999909840003,2.1416669940999995],[45.39999909840003,2.133333660799998],[45.39166576510003,2.133333660799998]]]}},{"id":"208230","type":"Feature","properties":{"population":276.28814697265625,"year":2015},"geometry":{"type":"Polygon","coordinates":[[[45.39166576510003,2.1416669940999995],[45.39166576510003,2.133333660799998],[45.383332431800035,2.133333660799998],[45.383332431800035,2.1412806509944344],[45.383627863145115,2.1416669940999995],[45.39166576510003,2.1416669940999995]]]}},{"id":"208233","type":"Feature","properties":{"population":213.56338500976562,"year":2015},"geometry":{"type":"Polygon","coordinates":[[[45.40833243170003,2.133333660799998],[45.40833243170003,2.1416669940999995],[45.41666576500003,2.1416669940999995],[45.41666576500003,2.133333660799998],[45.40833243170003,2.133333660799998]]]}},{"id":"207996","type":"Feature","properties":{"population":203.96664428710938,"year":2015},"geometry":{"type":"Polygon","coordinates":[[[45.39999909840003,2.1416669940999995],[45.39999909840003,2.150000327399999],[45.40833243170003,2.150000327399999],[45.40833243170003,2.1416669940999995],[45.39999909840003,2.1416669940999995]]]}},{"id":"207995","type":"Feature","properties":{"population":547.3750610351562,"year":2015},"geometry":{"type":"Polygon","coordinates":[[[45.39166576510003,2.1416669940999995],[45.39166576510003,2.150000327399999],[45.39999909840003,2.150000327399999],[45.39999909840003,2.1416669940999995],[45.39166576510003,2.1416669940999995]]]}},{"id":"207994","type":"Feature","properties":{"population":627.3333129882812,"year":2015},"geometry":{"type":"Polygon","coordinates":[[[45.39166576510003,2.150000327399999],[45.39166576510003,2.1416669940999995],[45.383627863145115,2.1416669940999995],[45.39,2.15],[45.39000114618619,2.150000327399999],[45.39166576510003,2.150000327399999]]]}},{"id":"207997","type":"Feature","properties":{"population":219.99789428710938,"year":2015},"geometry":{"type":"Polygon","coordinates":[[[45.40833243170003,2.1416669940999995],[45.40833243170003,2.150000327399999],[45.41666576500003,2.150000327399999],[45.41666576500003,2.1416669940999995],[45.40833243170003,2.1416669940999995]]]}},{"id":"207770","type":"Feature","properties":{"population":590.921875,"year":2015},"geometry":{"type":"Polygon","coordinates":[[[45.39999909840003,2.150000327399999],[45.39166576510003,2.150000327399999],[45.39166576510003,2.1504758140510445],[45.39999909840003,2.1528561719274992],[45.39999909840003,2.150000327399999]]]}},{"id":"207769","type":"Feature","properties":{"population":403.62200927734375,"year":2015},"geometry":{"type":"Polygon","coordinates":[[[45.39166576510003,2.150000327399999],[45.39000114618619,2.150000327399999],[45.39166576510003,2.1504758140510445],[45.39166576510003,2.150000327399999]]]}},{"id":"207772","type":"Feature","properties":{"population":176.44158935546875,"year":2015},"geometry":{"type":"Polygon","coordinates":[[[45.41666576500003,2.150000327399999],[45.40833243170003,2.150000327399999],[45.40833243170003,2.155236529803954],[45.41666576500003,2.1576168876804087],[45.41666576500003,2.150000327399999]]]}},{"id":"207771","type":"Feature","properties":{"population":296.61932373046875,"year":2015},"geometry":{"type":"Polygon","coordinates":[[[45.40833243170003,2.150000327399999],[45.39999909840003,2.150000327399999],[45.39999909840003,2.1528561719274992],[45.40833243170003,2.155236529803954],[45.40833243170003,2.150000327399999]]]}},{"id":"207775","type":"Feature","properties":{"population":141.62486267089844,"year":2015},"geometry":{"type":"Polygon","coordinates":[[[45.433332431600036,2.150000327399999],[45.433332431600036,2.1583336606999985],[45.44166576490003,2.1583336606999985],[45.44166576490003,2.150000327399999],[45.433332431600036,2.150000327399999]]]}},{"id":"207773","type":"Feature","properties":{"population":210.9104461669922,"year":2015},"geometry":{"type":"Polygon","coordinates":[[[45.424999098300034,2.1583336606999985],[45.424999098300034,2.150000327399999],[45.41666576500003,2.150000327399999],[45.41666576500003,2.1576168876804087],[45.41917509711844,2.1583336606999985],[45.424999098300034,2.1583336606999985]]]}},{"id":"207524","type":"Feature","properties":{"population":372.1492004394531,"year":2015},"geometry":{"type":"Polygon","coordinates":[[[45.433332431600036,2.1583336606999985],[45.424999098300034,2.1583336606999985],[45.424999098300034,2.159997245556863],[45.43005,2.16144],[45.433332431600036,2.1623781507344337],[45.433332431600036,2.1583336606999985]]]}},{"id":"207523","type":"Feature","properties":{"population":404.4369812011719,"year":2015},"geometry":{"type":"Polygon","coordinates":[[[45.424999098300034,2.1583336606999985],[45.41917509711844,2.1583336606999985],[45.424999098300034,2.159997245556863],[45.424999098300034,2.1583336606999985]]]}},{"id":"207525","type":"Feature","properties":{"population":261.3418273925781,"year":2015},"geometry":{"type":"Polygon","coordinates":[[[45.44166576490003,2.1583336606999985],[45.433332431600036,2.1583336606999985],[45.433332431600036,2.1623781507344337],[45.44166576490003,2.164759898081611],[45.44166576490003,2.1583336606999985]]]}},{"id":"208013","type":"Feature","properties":{"population":7.035284042358398,"year":2015},"geometry":{"type":"Polygon","coordinates":[[[45.54166576450003,2.150000327399999],[45.5475303274,2.150000327399999],[45.54736,2.14983],[45.5471,2.14957],[45.54685,2.14932],[45.54659,2.14906],[45.54608,2.1488],[45.54582,2.14854],[45.54557,2.14829],[45.54505,2.14816],[45.54505,2.14764],[45.54454,2.14751],[45.54377,2.14725],[45.54351,2.147],[45.54275,2.14674],[45.54249,2.14648],[45.54198,2.14622],[45.54166576450003,2.146068925240399],[45.54166576450003,2.150000327399999]]]}},{"id":"208012","type":"Feature","properties":{"population":213.18614196777344,"year":2015},"geometry":{"type":"Polygon","coordinates":[[[45.53333243120003,2.1416669940999995],[45.53333243120003,2.150000327399999],[45.54166576450003,2.150000327399999],[45.54166576450003,2.146068925240399],[45.54146,2.14597],[45.54044,2.14571],[45.54018,2.14545],[45.53993,2.14519],[45.53967,2.14494],[45.53941,2.14468],[45.5389,2.14442],[45.53864,2.14416],[45.53813,2.1439],[45.53788,2.14365],[45.53762,2.14339],[45.53711,2.14313],[45.53659,2.14287],[45.53634,2.14262],[45.53582,2.14236],[45.53531,2.1421],[45.53506,2.14184],[45.534880073863995,2.1416669940999995],[45.53333243120003,2.1416669940999995]]]}},{"id":"207787","type":"Feature","properties":{"population":152.3203125,"year":2015},"geometry":{"type":"Polygon","coordinates":[[[45.53333243120003,2.150000327399999],[45.53333243120003,2.1583336606999985],[45.54166576450003,2.1583336606999985],[45.54166576450003,2.150000327399999],[45.53333243120003,2.150000327399999]]]}},{"id":"207788","type":"Feature","properties":{"population":37.328392028808594,"year":2015},"geometry":{"type":"Polygon","coordinates":[[[45.54166576450003,2.150000327399999],[45.54166576450003,2.1583336606999985],[45.54999909780003,2.1583336606999985],[45.54999909780003,2.152189548900016],[45.54992,2.15215],[45.54941,2.15202],[45.54928,2.15151],[45.54903,2.15125],[45.5489,2.15073],[45.54813,2.1506],[45.54787,2.15035],[45.54762,2.15009],[45.5475303274,2.150000327399999],[45.54166576450003,2.150000327399999]]]}},{"id":"207539","type":"Feature","properties":{"population":22.543437957763672,"year":2015},"geometry":{"type":"Polygon","coordinates":[[[45.54999909780003,2.1583336606999985],[45.54999909780003,2.166666993999998],[45.558332431100034,2.166666993999998],[45.558332431100034,2.1583336606999985],[45.54999909780003,2.1583336606999985]]]}},{"id":"207538","type":"Feature","properties":{"population":178.2427520751953,"year":2015},"geometry":{"type":"Polygon","coordinates":[[[45.54166576450003,2.1583336606999985],[45.54166576450003,2.166666993999998],[45.54999909780003,2.166666993999998],[45.54999909780003,2.1583336606999985],[45.54166576450003,2.1583336606999985]]]}},{"id":"207537","type":"Feature","properties":{"population":7.209542751312256,"year":2015},"geometry":{"type":"Polygon","coordinates":[[[45.53333243120003,2.1583336606999985],[45.53333243120003,2.166666993999998],[45.54166576450003,2.166666993999998],[45.54166576450003,2.1583336606999985],[45.53333243120003,2.1583336606999985]]]}},{"id":"207540","type":"Feature","properties":{"population":2.483041286468506,"year":2015},"geometry":{"type":"Polygon","coordinates":[[[45.558332431100034,2.1583336606999985],[45.558332431100034,2.166666993999998],[45.566665764400035,2.166666993999998],[45.566665764400035,2.1614671394117826],[45.56659,2.16143],[45.56633,2.16117],[45.56607,2.16091],[45.5653,2.16065],[45.56454,2.1604],[45.56325,2.16014],[45.56248,2.15988],[45.56172,2.15962],[45.5612,2.15937],[45.56095,2.15911],[45.56069,2.15885],[45.56018,2.15859],[45.55966,2.15834],[45.55964756521923,2.1583336606999985],[45.558332431100034,2.1583336606999985]]]}},{"id":"207312","type":"Feature","properties":{"population":64.49811553955078,"year":2015},"geometry":{"type":"Polygon","coordinates":[[[45.558332431100034,2.166666993999998],[45.558332431100034,2.1750003272999994],[45.566665764400035,2.1750003272999994],[45.566665764400035,2.166666993999998],[45.558332431100034,2.166666993999998]]]}},{"id":"207310","type":"Feature","properties":{"population":355.2308044433594,"year":2015},"geometry":{"type":"Polygon","coordinates":[[[45.54166576450003,2.166666993999998],[45.54166576450003,2.1750003272999994],[45.54999909780003,2.1750003272999994],[45.54999909780003,2.166666993999998],[45.54166576450003,2.166666993999998]]]}},{"id":"207541","type":"Feature","properties":{"population":4.887674808502197,"year":2015},"geometry":{"type":"Polygon","coordinates":[[[45.566665764400035,2.166666993999998],[45.57499909770003,2.166666993999998],[45.57499909770003,2.1666506044181917],[45.57479,2.16658],[45.57428,2.16632],[45.57376,2.16607],[45.57325,2.16607],[45.57274,2.16607],[45.57197,2.16581],[45.57171,2.16555],[45.57094,2.16542],[45.57082,2.16491],[45.57069,2.16465],[45.57018,2.16452],[45.56992,2.16426],[45.56966,2.164],[45.56941,2.16375],[45.56889,2.16349],[45.56864,2.16336],[45.56851,2.16284],[45.56838,2.16233],[45.56889,2.16233],[45.56889,2.16181],[45.56864,2.16194],[45.56761,2.16194],[45.5671,2.16168],[45.566665764400035,2.1614671394117826],[45.566665764400035,2.166666993999998]]]}},{"id":"207313","type":"Feature","properties":{"population":203.68019104003906,"year":2015},"geometry":{"type":"Polygon","coordinates":[[[45.566665764400035,2.166666993999998],[45.566665764400035,2.1750003272999994],[45.57499909770003,2.1750003272999994],[45.57499909770003,2.166666993999998],[45.566665764400035,2.166666993999998]]]}},{"id":"207314","type":"Feature","properties":{"population":6.397191524505615,"year":2015},"geometry":{"type":"Polygon","coordinates":[[[45.57499909770003,2.166666993999998],[45.57499909770003,2.1750003272999994],[45.58333243100003,2.1750003272999994],[45.58333243100003,2.170782431000032],[45.58312,2.17057],[45.58286,2.17032],[45.58274,2.17006],[45.58248,2.17019],[45.58222,2.17019],[45.58169,2.17005],[45.5812,2.16993],[45.57992,2.16967],[45.5794,2.16941],[45.57915,2.16916],[45.57889,2.16916],[45.57863,2.16916],[45.57838,2.1689],[45.57787,2.16864],[45.57735,2.16838],[45.5771,2.16826],[45.5771,2.16774],[45.57658,2.16761],[45.57633,2.16735],[45.57581,2.1671],[45.57556,2.16684],[45.57504763607692,2.166666993999998],[45.57499909770003,2.166666993999998]]]}},{"id":"207315","type":"Feature","properties":{"population":6.791805744171143,"year":2015},"geometry":{"type":"Polygon","coordinates":[[[45.58333243100003,2.1750003272999994],[45.588897794992,2.1750003272999994],[45.58838,2.17483],[45.58812,2.17483],[45.58786,2.17483],[45.58735,2.17457],[45.58709,2.17431],[45.58658,2.17405],[45.58607,2.1738],[45.58581,2.17354],[45.5853,2.17341],[45.58517,2.17289],[45.58491,2.17264],[45.58479,2.17238],[45.58427,2.17225],[45.58402,2.17212],[45.58402,2.17161],[45.58351,2.17161],[45.58338,2.17083],[45.58333243100003,2.170782431000032],[45.58333243100003,2.1750003272999994]]]}},{"id":"207104","type":"Feature","properties":{"population":1279.826416015625,"year":2015},"geometry":{"type":"Polygon","coordinates":[[[45.59166576430003,2.1763257643000324],[45.59145,2.17611],[45.5912,2.17586],[45.59094,2.1756],[45.59043,2.17534],[45.58991,2.17534],[45.58966,2.17534],[45.58914,2.17508],[45.588897794992,2.1750003272999994],[45.58333243100003,2.1750003272999994],[45.58333243100003,2.181212039181821],[45.58661,2.18151],[45.59166576430003,2.1819682964769966],[45.59166576430003,2.1763257643000324]]]}},{"id":"207103","type":"Feature","properties":{"population":4.317022800445557,"year":2015},"geometry":{"type":"Polygon","coordinates":[[[45.58333243100003,2.1750003272999994],[45.57499909770003,2.1750003272999994],[45.57499909770003,2.1804544634272753],[45.58333243100003,2.181212039181821],[45.58333243100003,2.1750003272999994]]]}},{"id":"207105","type":"Feature","properties":{"population":606.936767578125,"year":2015},"geometry":{"type":"Polygon","coordinates":[[[45.59999909760003,2.1815654223058987],[45.59991,2.18152],[45.59914,2.18127],[45.59863,2.18101],[45.59837,2.18075],[45.59812,2.18049],[45.59735,2.18024],[45.59684,2.17998],[45.59632,2.17972],[45.59607,2.17946],[45.59581,2.17934],[45.59581,2.17882],[45.5953,2.17869],[45.59504,2.17843],[45.59478,2.17817],[45.59427,2.17792],[45.59402,2.17766],[45.5935,2.1774],[45.59325,2.17714],[45.59299,2.17689],[45.59273,2.17663],[45.59222,2.17637],[45.59196,2.17637],[45.59171,2.17637],[45.59166576430003,2.1763257643000324],[45.59166576430003,2.1819682964769966],[45.59999909760003,2.1827236990366066],[45.59999909760003,2.1815654223058987]]]}},{"id":"207309","type":"Feature","properties":{"population":138.1619873046875,"year":2015},"geometry":{"type":"Polygon","coordinates":[[[45.53333243120003,2.166666993999998],[45.53333243120003,2.1750003272999994],[45.54166576450003,2.1750003272999994],[45.54166576450003,2.166666993999998],[45.53333243120003,2.166666993999998]]]}},{"id":"207311","type":"Feature","properties":{"population":99.42623901367188,"year":2015},"geometry":{"type":"Polygon","coordinates":[[[45.54999909780003,2.166666993999998],[45.54999909780003,2.1750003272999994],[45.558332431100034,2.1750003272999994],[45.558332431100034,2.166666993999998],[45.54999909780003,2.166666993999998]]]}},{"id":"207099","type":"Feature","properties":{"population":58.00405502319336,"year":2015},"geometry":{"type":"Polygon","coordinates":[[[45.54166576450003,2.1750003272999994],[45.53333243120003,2.1750003272999994],[45.53333243120003,2.176666584654548],[45.54166576450003,2.1774241604090934],[45.54166576450003,2.1750003272999994]]]}},{"id":"207102","type":"Feature","properties":{"population":113.79496002197266,"year":2015},"geometry":{"type":"Polygon","coordinates":[[[45.566665764400035,2.1750003272999994],[45.558332431100034,2.1750003272999994],[45.558332431100034,2.178939311918185],[45.566665764400035,2.1796968876727303],[45.566665764400035,2.1750003272999994]]]}},{"id":"207101","type":"Feature","properties":{"population":43.43433380126953,"year":2015},"geometry":{"type":"Polygon","coordinates":[[[45.558332431100034,2.1750003272999994],[45.54999909780003,2.1750003272999994],[45.54999909780003,2.1781817361636393],[45.558332431100034,2.178939311918185],[45.558332431100034,2.1750003272999994]]]}},{"id":"207100","type":"Feature","properties":{"population":95.10591125488281,"year":2015},"geometry":{"type":"Polygon","coordinates":[[[45.54999909780003,2.1750003272999994],[45.54166576450003,2.1750003272999994],[45.54166576450003,2.1774241604090934],[45.54999909780003,2.1781817361636393],[45.54999909780003,2.1750003272999994]]]}},{"id":"207106","type":"Feature","properties":{"population":1.407056450843811,"year":2015},"geometry":{"type":"Polygon","coordinates":[[[45.59999909760003,2.1827236990366066],[45.60404,2.18309],[45.60401,2.18307],[45.6035,2.18281],[45.60299,2.18255],[45.60222,2.1823],[45.60171,2.18204],[45.60119,2.18204],[45.60094,2.18204],[45.60042,2.18178],[45.59999909760003,2.1815654223058987],[45.59999909760003,2.1827236990366066]]]}},{"id":"207536","type":"Feature","properties":{"population":26.241832733154297,"year":2015},"geometry":{"type":"Polygon","coordinates":[[[45.524999097900036,2.1583336606999985],[45.524999097900036,2.166666993999998],[45.53333243120003,2.166666993999998],[45.53333243120003,2.1583336606999985],[45.524999097900036,2.1583336606999985]]]}},{"id":"207534","type":"Feature","properties":{"population":76.92671966552734,"year":2015},"geometry":{"type":"Polygon","coordinates":[[[45.50833243130003,2.1583336606999985],[45.50833243130003,2.166666993999998],[45.516665764600035,2.166666993999998],[45.516665764600035,2.1583336606999985],[45.50833243130003,2.1583336606999985]]]}},{"id":"207307","type":"Feature","properties":{"population":54.15515899658203,"year":2015},"geometry":{"type":"Polygon","coordinates":[[[45.516665764600035,2.166666993999998],[45.516665764600035,2.1750003272999994],[45.524999097900036,2.1750003272999994],[45.524999097900036,2.166666993999998],[45.516665764600035,2.166666993999998]]]}},{"id":"207308","type":"Feature","properties":{"population":20.9320068359375,"year":2015},"geometry":{"type":"Polygon","coordinates":[[[45.524999097900036,2.166666993999998],[45.524999097900036,2.1750003272999994],[45.53333243120003,2.1750003272999994],[45.53333243120003,2.166666993999998],[45.524999097900036,2.166666993999998]]]}},{"id":"207306","type":"Feature","properties":{"population":6.643251895904541,"year":2015},"geometry":{"type":"Polygon","coordinates":[[[45.516665764600035,2.1750003272999994],[45.516665764600035,2.166666993999998],[45.50833243130003,2.166666993999998],[45.50833243130003,2.174393857390912],[45.5150036003,2.1750003272999994],[45.516665764600035,2.1750003272999994]]]}},{"id":"207098","type":"Feature","properties":{"population":76.38947296142578,"year":2015},"geometry":{"type":"Polygon","coordinates":[[[45.53333243120003,2.1750003272999994],[45.524999097900036,2.1750003272999994],[45.524999097900036,2.1759090089000033],[45.53333243120003,2.176666584654548],[45.53333243120003,2.1750003272999994]]]}},{"id":"207097","type":"Feature","properties":{"population":122.5811538696289,"year":2015},"geometry":{"type":"Polygon","coordinates":[[[45.524999097900036,2.1750003272999994],[45.516665764600035,2.1750003272999994],[45.516665764600035,2.1751514331454573],[45.524999097900036,2.1759090089000033],[45.524999097900036,2.1750003272999994]]]}},{"id":"207096","type":"Feature","properties":{"population":55.157039642333984,"year":2015},"geometry":{"type":"Polygon","coordinates":[[[45.516665764600035,2.1750003272999994],[45.5150036003,2.1750003272999994],[45.516665764600035,2.1751514331454573],[45.516665764600035,2.1750003272999994]]]}}]}